feature,profile,scenario,sample,language,seconds
core,dev,clean,0,rust,3.036606667
core,dev,clean,0,odin,0.334784666
core,dev,clean,1,odin,0.323411167
core,dev,clean,1,rust,2.799566834
core,dev,clean,2,rust,2.63980225
core,dev,clean,2,odin,0.3203785
core,dev,clean,3,odin,0.325729
core,dev,clean,3,rust,2.637701333
core,dev,clean,4,rust,2.699639917
core,dev,clean,4,odin,0.326048042
core,dev,dependencies_warm,0,rust,1.018204875
core,dev,dependencies_warm,0,odin,0.339457041
core,dev,dependencies_warm,1,odin,0.351459375
core,dev,dependencies_warm,1,rust,1.020617333
core,dev,dependencies_warm,2,rust,0.99048925
core,dev,dependencies_warm,2,odin,0.325962167
core,dev,dependencies_warm,3,odin,0.326288708
core,dev,dependencies_warm,3,rust,1.026718083
core,dev,dependencies_warm,4,rust,0.992750334
core,dev,dependencies_warm,4,odin,0.324848666
core,dev,library_edit,0,rust,0.492304792
core,dev,library_edit,0,odin,0.352667334
core,dev,library_edit,1,odin,0.354235291
core,dev,library_edit,1,rust,0.487094041
core,dev,library_edit,2,rust,0.474404167
core,dev,library_edit,2,odin,0.346186041
core,dev,library_edit,3,odin,0.325071416
core,dev,library_edit,3,rust,0.484964041
core,dev,library_edit,4,rust,0.488416542
core,dev,library_edit,4,odin,0.327018125
core,dev,application_edit,0,rust,0.289128084
core,dev,application_edit,0,odin,0.337383584
core,dev,application_edit,1,odin,0.329377375
core,dev,application_edit,1,rust,0.280105833
core,dev,application_edit,2,rust,0.280962708
core,dev,application_edit,2,odin,0.353079833
core,dev,application_edit,3,odin,0.335768625
core,dev,application_edit,3,rust,0.281504125
core,dev,application_edit,4,rust,0.293300375
core,dev,application_edit,4,odin,0.331645209
core,dev,no_change,0,rust,0.137026209
core,dev,no_change,0,odin,0.326787875
core,dev,no_change,1,odin,0.33610625
core,dev,no_change,1,rust,0.148691459
core,dev,no_change,2,rust,0.133983209
core,dev,no_change,2,odin,0.335098709
core,dev,no_change,3,odin,0.326147125
core,dev,no_change,3,rust,0.133723625
core,dev,no_change,4,rust,0.134603792
core,dev,no_change,4,odin,0.344088542
core,dev,check_clean,0,rust,1.9472335
core,dev,check_clean,0,odin,0.066469708
core,dev,check_clean,1,odin,0.061011125
core,dev,check_clean,1,rust,1.954528666
core,dev,check_clean,2,rust,2.245654084
core,dev,check_clean,2,odin,0.0608345
core,dev,check_clean,3,odin,0.065254709
core,dev,check_clean,3,rust,2.377632958
core,dev,check_clean,4,rust,2.240235042
core,dev,check_clean,4,odin,0.065319417
core,release,clean,0,rust,4.967863334
core,release,clean,0,odin,1.6336915
core,release,clean,1,odin,1.644485833
core,release,clean,1,rust,4.418037625
core,release,clean,2,rust,4.238118583
core,release,clean,2,odin,1.618968417
core,release,clean,3,odin,1.707461
core,release,clean,3,rust,4.858792708
core,release,clean,4,rust,4.850359583
core,release,clean,4,odin,1.596695334
core,release,dependencies_warm,0,rust,2.569355292
core,release,dependencies_warm,0,odin,1.41570275
core,release,dependencies_warm,1,odin,1.427266583
core,release,dependencies_warm,1,rust,2.557895666
core,release,dependencies_warm,2,rust,2.49610875
core,release,dependencies_warm,2,odin,1.411684375
core,release,dependencies_warm,3,odin,1.393677041
core,release,dependencies_warm,3,rust,2.626813791
core,release,dependencies_warm,4,rust,2.505707292
core,release,dependencies_warm,4,odin,1.384533083
core,release,library_edit,0,rust,2.547118917
core,release,library_edit,0,odin,1.414118292
core,release,library_edit,1,odin,1.435370167
core,release,library_edit,1,rust,2.649546584
core,release,library_edit,2,rust,2.530397209
core,release,library_edit,2,odin,1.424372167
core,release,library_edit,3,odin,1.426764875
core,release,library_edit,3,rust,2.560635542
core,release,library_edit,4,rust,2.481878375
core,release,library_edit,4,odin,1.576650917
core,release,application_edit,0,rust,2.040331167
core,release,application_edit,0,odin,1.495632666
core,release,application_edit,1,odin,1.413758417
core,release,application_edit,1,rust,1.993466458
core,release,application_edit,2,rust,1.962699875
core,release,application_edit,2,odin,1.412142041
core,release,application_edit,3,odin,1.388115709
core,release,application_edit,3,rust,2.039586625
core,release,application_edit,4,rust,2.462240083
core,release,application_edit,4,odin,1.431608667
core,release,no_change,0,rust,0.137443625
core,release,no_change,0,odin,1.401321708
core,release,no_change,1,odin,1.386803875
core,release,no_change,1,rust,0.135860708
core,release,no_change,2,rust,0.135962125
core,release,no_change,2,odin,1.386853583
core,release,no_change,3,odin,1.436780958
core,release,no_change,3,rust,0.136516209
core,release,no_change,4,rust,0.139223833
core,release,no_change,4,odin,1.403346917
editor,dev,clean,0,rust,3.543967959
editor,dev,clean,0,odin,0.396537
editor,dev,clean,1,odin,0.413206334
editor,dev,clean,1,rust,3.472208208
editor,dev,clean,2,rust,3.530374292
editor,dev,clean,2,odin,0.405785334
editor,dev,clean,3,odin,0.406757667
editor,dev,clean,3,rust,3.528286833
editor,dev,clean,4,rust,3.482463167
editor,dev,clean,4,odin,0.4093105
editor,dev,dependencies_warm,0,rust,1.340713458
editor,dev,dependencies_warm,0,odin,0.392023167
editor,dev,dependencies_warm,1,odin,0.402696625
editor,dev,dependencies_warm,1,rust,1.365068625
editor,dev,dependencies_warm,2,rust,1.371990709
editor,dev,dependencies_warm,2,odin,0.399884875
editor,dev,dependencies_warm,3,odin,0.388067084
editor,dev,dependencies_warm,3,rust,1.396999292
editor,dev,dependencies_warm,4,rust,1.355421792
editor,dev,dependencies_warm,4,odin,0.383862208
editor,dev,library_edit,0,rust,0.637592167
editor,dev,library_edit,0,odin,0.476877334
editor,dev,library_edit,1,odin,0.600234708
editor,dev,library_edit,1,rust,0.996116
editor,dev,library_edit,2,rust,0.822835834
editor,dev,library_edit,2,odin,0.552131042
editor,dev,library_edit,3,odin,0.564084209
editor,dev,library_edit,3,rust,0.828721625
editor,dev,library_edit,4,rust,0.772378916
editor,dev,library_edit,4,odin,0.527699458
editor,dev,application_edit,0,rust,0.429602083
editor,dev,application_edit,0,odin,0.500679458
editor,dev,application_edit,1,odin,0.520954667
editor,dev,application_edit,1,rust,0.491198
editor,dev,application_edit,2,rust,0.458854709
editor,dev,application_edit,2,odin,0.468300958
editor,dev,application_edit,3,odin,0.4356515
editor,dev,application_edit,3,rust,0.720906875
editor,dev,application_edit,4,rust,0.623414875
editor,dev,application_edit,4,odin,0.567981917
editor,dev,no_change,0,rust,0.202362291
editor,dev,no_change,0,odin,0.523663916
editor,dev,no_change,1,odin,0.485989959
editor,dev,no_change,1,rust,0.189387125
editor,dev,no_change,2,rust,0.197055458
editor,dev,no_change,2,odin,0.474855125
editor,dev,no_change,3,odin,0.465200833
editor,dev,no_change,3,rust,0.19091925
editor,dev,no_change,4,rust,0.184243
editor,dev,no_change,4,odin,0.501405792
editor,dev,check_clean,0,rust,2.907262792
editor,dev,check_clean,0,odin,0.076743917
editor,dev,check_clean,1,odin,0.071427792
editor,dev,check_clean,1,rust,3.188061625
editor,dev,check_clean,2,rust,2.85305975
editor,dev,check_clean,2,odin,0.076821208
editor,dev,check_clean,3,odin,0.077262708
editor,dev,check_clean,3,rust,2.81032875
editor,dev,check_clean,4,rust,2.86695475
editor,dev,check_clean,4,odin,0.077931792
editor,release,clean,0,rust,7.127940625
editor,release,clean,0,odin,2.38716625
editor,release,clean,1,odin,2.383781875
editor,release,clean,1,rust,6.35335625
editor,release,clean,2,rust,5.841454292
editor,release,clean,2,odin,2.300109834
editor,release,clean,3,odin,2.288673042
editor,release,clean,3,rust,6.925285625
editor,release,clean,4,rust,6.932233583
editor,release,clean,4,odin,2.557280709
editor,release,dependencies_warm,0,rust,3.547027917
editor,release,dependencies_warm,0,odin,2.28903625
editor,release,dependencies_warm,1,odin,2.114464708
editor,release,dependencies_warm,1,rust,3.031268333
editor,release,dependencies_warm,2,rust,3.0031425
editor,release,dependencies_warm,2,odin,2.073726833
editor,release,dependencies_warm,3,odin,2.116692791
editor,release,dependencies_warm,3,rust,3.030127875
editor,release,dependencies_warm,4,rust,3.012789792
editor,release,dependencies_warm,4,odin,2.080865542
editor,release,library_edit,0,rust,3.009768417
editor,release,library_edit,0,odin,2.060451
editor,release,library_edit,1,odin,2.051182209
editor,release,library_edit,1,rust,3.084927584
editor,release,library_edit,2,rust,3.036439334
editor,release,library_edit,2,odin,2.04972675
editor,release,library_edit,3,odin,2.066324959
editor,release,library_edit,3,rust,3.036977083
editor,release,library_edit,4,rust,3.025042708
editor,release,library_edit,4,odin,2.098153417
editor,release,application_edit,0,rust,2.020669292
editor,release,application_edit,0,odin,2.068902333
editor,release,application_edit,1,odin,2.073085459
editor,release,application_edit,1,rust,2.109581209
editor,release,application_edit,2,rust,2.034745667
editor,release,application_edit,2,odin,2.098518625
editor,release,application_edit,3,odin,2.054625042
editor,release,application_edit,3,rust,2.00242975
editor,release,application_edit,4,rust,2.013636916
editor,release,application_edit,4,odin,2.056668084
editor,release,no_change,0,rust,0.137918708
editor,release,no_change,0,odin,2.095954833
editor,release,no_change,1,odin,2.060882125
editor,release,no_change,1,rust,0.139221375
editor,release,no_change,2,rust,0.138837542
editor,release,no_change,2,odin,2.462513208
editor,release,no_change,3,odin,2.065528084
editor,release,no_change,3,rust,0.141879792
editor,release,no_change,4,rust,0.136497292
editor,release,no_change,4,odin,2.085822833
