scenario,entities,threads,matches,sample,iterations,ns_per_iteration,checksum
sparse_query2_dense,1000,1,1000,0,33787,887.927,50832541500.000
sparse_query2_dense,1000,1,1000,1,33800,887.580,50852100000.000
sparse_query2_dense,1000,1,1000,2,33699,890.249,50700145500.000
sparse_query2_dense,1000,1,1000,3,33822,887.009,50885199000.000
sparse_query2_dense,1000,1,1000,4,33763,888.570,50796433500.000
sparse_query2_dense,1000,1,1000,5,33550,894.194,50475975000.000
sparse_query2_dense,1000,1,1000,6,33786,887.948,50831037000.000
archetype_query2_dense,1000,1,1000,0,55956,536.139,84185802000.000
archetype_query2_dense,1000,1,1000,1,55982,535.893,84224919000.000
archetype_query2_dense,1000,1,1000,2,55978,535.929,84218901000.000
archetype_query2_dense,1000,1,1000,3,55927,536.421,84142171500.000
archetype_query2_dense,1000,1,1000,4,55948,536.217,84173766000.000
archetype_query2_dense,1000,1,1000,5,55618,539.396,83677281000.000
archetype_query2_dense,1000,1,1000,6,55909,536.595,84115090500.000
sparse_query4_dense,1000,1,1000,0,16031,1871.405,25721739500.000
sparse_query4_dense,1000,1,1000,1,16030,1871.496,25720135000.000
sparse_query4_dense,1000,1,1000,2,16064,1867.543,25774688000.000
sparse_query4_dense,1000,1,1000,3,15998,1875.260,25668791000.000
sparse_query4_dense,1000,1,1000,4,16026,1872.010,25713717000.000
sparse_query4_dense,1000,1,1000,5,15997,1875.409,25667186500.000
sparse_query4_dense,1000,1,1000,6,16015,1873.246,25696067500.000
archetype_query4_dense,1000,1,1000,0,54067,554.872,86750501500.000
archetype_query4_dense,1000,1,1000,1,54214,553.372,86986363000.000
archetype_query4_dense,1000,1,1000,2,54208,553.432,86976736000.000
archetype_query4_dense,1000,1,1000,3,54131,554.214,86853189500.000
archetype_query4_dense,1000,1,1000,4,54205,553.463,86971922500.000
archetype_query4_dense,1000,1,1000,5,54262,552.881,87063379000.000
archetype_query4_dense,1000,1,1000,6,53769,557.945,86272360500.000
sparse_query2_one_percent,1000,1,1000,0,33753,888.835,50781388500.000
sparse_query2_one_percent,1000,1,1000,1,33782,888.049,50825019000.000
sparse_query2_one_percent,1000,1,1000,2,33786,887.950,50831037000.000
sparse_query2_one_percent,1000,1,1000,3,33750,888.894,50776875000.000
sparse_query2_one_percent,1000,1,1000,4,33769,888.405,50805460500.000
sparse_query2_one_percent,1000,1,1000,5,33790,887.853,50837055000.000
sparse_query2_one_percent,1000,1,1000,6,33593,893.059,50540668500.000
archetype_query2_one_percent,1000,1,1000,0,56385,532.065,84831232500.000
archetype_query2_one_percent,1000,1,1000,1,56486,531.107,84983187000.000
archetype_query2_one_percent,1000,1,1000,2,56525,530.743,85041862500.000
archetype_query2_one_percent,1000,1,1000,3,56456,531.393,84938052000.000
archetype_query2_one_percent,1000,1,1000,4,56523,530.765,85038853500.000
archetype_query2_one_percent,1000,1,1000,5,56508,530.900,85016286000.000
archetype_query2_one_percent,1000,1,1000,6,56230,533.525,84598035000.000
sparse_query4_one_percent,1000,1,10,0,21480,1396.669,312748800.000
sparse_query4_one_percent,1000,1,10,1,21574,1390.578,314117440.000
sparse_query4_one_percent,1000,1,10,2,21657,1385.278,315325920.000
sparse_query4_one_percent,1000,1,10,3,21546,1392.424,313709760.000
sparse_query4_one_percent,1000,1,10,4,21560,1391.510,313913600.000
sparse_query4_one_percent,1000,1,10,5,21551,1392.095,313782560.000
sparse_query4_one_percent,1000,1,10,6,21354,1404.934,310914240.000
archetype_query4_one_percent,1000,1,10,0,1551275,19.339,22586564000.000
archetype_query4_one_percent,1000,1,10,1,1552718,19.321,22607574080.000
archetype_query4_one_percent,1000,1,10,2,1551489,19.336,22589679840.000
archetype_query4_one_percent,1000,1,10,3,1549221,19.365,22556657760.000
archetype_query4_one_percent,1000,1,10,4,1550583,19.348,22576488480.000
archetype_query4_one_percent,1000,1,10,5,1542604,19.448,22460314240.000
archetype_query4_one_percent,1000,1,10,6,1433751,20.924,20875414560.000
sparse_churn_tag_roundtrip,1000,1,999,0,1503,19966.706,1503000.000
sparse_churn_tag_roundtrip,1000,1,999,1,1413,21245.459,1413000.000
sparse_churn_tag_roundtrip,1000,1,999,2,1416,21190.295,1416000.000
sparse_churn_tag_roundtrip,1000,1,999,3,1452,20664.084,1452000.000
sparse_churn_tag_roundtrip,1000,1,999,4,1421,21113.711,1421000.000
sparse_churn_tag_roundtrip,1000,1,999,5,1445,20769.204,1445000.000
sparse_churn_tag_roundtrip,1000,1,999,6,1437,20888.454,1437000.000
archetype_churn_tag_roundtrip,1000,1,999,0,2155,13922.486,2152845.000
archetype_churn_tag_roundtrip,1000,1,999,1,1324,22660.813,1322676.000
archetype_churn_tag_roundtrip,1000,1,999,2,2135,14052.479,2132865.000
archetype_churn_tag_roundtrip,1000,1,999,3,2185,13736.137,2182815.000
archetype_churn_tag_roundtrip,1000,1,999,4,2180,13765.042,2177820.000
archetype_churn_tag_roundtrip,1000,1,999,5,2184,13738.572,2181816.000
archetype_churn_tag_roundtrip,1000,1,999,6,2180,13765.386,2177820.000
sparse_query2_dense,10000,1,10000,0,3315,9050.704,50131949400.000
sparse_query2_dense,10000,1,10000,1,3313,9057.538,50101703880.000
sparse_query2_dense,10000,1,10000,2,3309,9068.890,50041212840.000
sparse_query2_dense,10000,1,10000,3,3229,9292.325,48831392040.000
sparse_query2_dense,10000,1,10000,4,3171,9462.748,47954271960.000
sparse_query2_dense,10000,1,10000,5,3315,9049.811,50131949400.000
sparse_query2_dense,10000,1,10000,6,3314,9053.951,50116826640.000
archetype_query2_dense,10000,1,10000,0,5500,5455.394,83175180000.000
archetype_query2_dense,10000,1,10000,1,5425,5530.192,82040973000.000
archetype_query2_dense,10000,1,10000,2,5493,5461.853,83069320680.000
archetype_query2_dense,10000,1,10000,3,5489,5465.841,83008829640.000
archetype_query2_dense,10000,1,10000,4,5493,5462.376,83069320680.000
archetype_query2_dense,10000,1,10000,5,5503,5451.882,83220548280.000
archetype_query2_dense,10000,1,10000,6,5501,5454.539,83190302760.000
sparse_query4_dense,10000,1,10000,0,1501,19994.587,24200262760.000
sparse_query4_dense,10000,1,10000,1,1497,20040.637,24135771720.000
sparse_query4_dense,10000,1,10000,2,1500,20011.389,24184140000.000
sparse_query4_dense,10000,1,10000,3,1502,19976.421,24216385520.000
sparse_query4_dense,10000,1,10000,4,1500,20007.277,24184140000.000
sparse_query4_dense,10000,1,10000,5,1502,19980.443,24216385520.000
sparse_query4_dense,10000,1,10000,6,1499,20015.177,24168017240.000
archetype_query4_dense,10000,1,10000,0,5364,5593.463,86482484640.000
archetype_query4_dense,10000,1,10000,1,5358,5600.092,86385748080.000
archetype_query4_dense,10000,1,10000,2,5358,5599.944,86385748080.000
archetype_query4_dense,10000,1,10000,3,5357,5600.375,86369625320.000
archetype_query4_dense,10000,1,10000,4,5360,5598.088,86417993600.000
archetype_query4_dense,10000,1,10000,5,5357,5601.161,86369625320.000
archetype_query4_dense,10000,1,10000,6,5271,5691.765,84983067960.000
sparse_query2_one_percent,10000,1,10000,0,3291,9116.264,49769003160.000
sparse_query2_one_percent,10000,1,10000,1,3293,9112.650,49799248680.000
sparse_query2_one_percent,10000,1,10000,2,3293,9111.651,49799248680.000
sparse_query2_one_percent,10000,1,10000,3,3290,9119.693,49753880400.000
sparse_query2_one_percent,10000,1,10000,4,3259,9207.361,49285074840.000
sparse_query2_one_percent,10000,1,10000,5,3246,9242.285,49088478960.000
sparse_query2_one_percent,10000,1,10000,6,3292,9113.900,49784125920.000
archetype_query2_one_percent,10000,1,10000,0,5522,5433.493,83507880720.000
archetype_query2_one_percent,10000,1,10000,1,5520,5435.115,83477635200.000
archetype_query2_one_percent,10000,1,10000,2,5515,5439.755,83402021400.000
archetype_query2_one_percent,10000,1,10000,3,5528,5427.091,83598617280.000
archetype_query2_one_percent,10000,1,10000,4,5521,5434.304,83492757960.000
archetype_query2_one_percent,10000,1,10000,5,5524,5431.096,83538126240.000
archetype_query2_one_percent,10000,1,10000,6,5518,5437.417,83447389680.000
sparse_query4_one_percent,10000,1,100,0,2001,14994.357,318719280.000
sparse_query4_one_percent,10000,1,100,1,1997,15023.452,318082160.000
sparse_query4_one_percent,10000,1,100,2,1999,15010.130,318400720.000
sparse_query4_one_percent,10000,1,100,3,2001,14999.438,318719280.000
sparse_query4_one_percent,10000,1,100,4,2008,14942.148,319834240.000
sparse_query4_one_percent,10000,1,100,5,2014,14902.475,320789920.000
sparse_query4_one_percent,10000,1,100,6,2013,14907.849,320630640.000
archetype_query4_one_percent,10000,1,100,0,554958,54.058,88393710240.000
archetype_query4_one_percent,10000,1,100,1,557765,53.786,88840809200.000
archetype_query4_one_percent,10000,1,100,2,555780,53.978,88524638400.000
archetype_query4_one_percent,10000,1,100,3,557297,53.831,88766266160.000
archetype_query4_one_percent,10000,1,100,4,557179,53.843,88747471120.000
archetype_query4_one_percent,10000,1,100,5,558498,53.716,88957561440.000
archetype_query4_one_percent,10000,1,100,6,556875,53.872,88699050000.000
sparse_churn_tag_roundtrip,10000,1,9999,0,106,285034.594,1060000.000
sparse_churn_tag_roundtrip,10000,1,9999,1,107,282446.262,1070000.000
sparse_churn_tag_roundtrip,10000,1,9999,2,106,284361.245,1060000.000
sparse_churn_tag_roundtrip,10000,1,9999,3,106,283967.764,1060000.000
sparse_churn_tag_roundtrip,10000,1,9999,4,106,284477.208,1060000.000
sparse_churn_tag_roundtrip,10000,1,9999,5,105,285759.924,1050000.000
sparse_churn_tag_roundtrip,10000,1,9999,6,106,285356.925,1060000.000
archetype_churn_tag_roundtrip,10000,1,9999,0,178,168884.596,1779822.000
archetype_churn_tag_roundtrip,10000,1,9999,1,180,167587.272,1799820.000
archetype_churn_tag_roundtrip,10000,1,9999,2,179,168016.760,1789821.000
archetype_churn_tag_roundtrip,10000,1,9999,3,180,167460.883,1799820.000
archetype_churn_tag_roundtrip,10000,1,9999,4,179,167882.916,1789821.000
archetype_churn_tag_roundtrip,10000,1,9999,5,179,168171.788,1789821.000
archetype_churn_tag_roundtrip,10000,1,9999,6,179,167722.765,1789821.000
sparse_query2_dense,100000,1,100000,0,325,92586.538,49950934800.000
sparse_query2_dense,100000,1,100000,1,323,93091.331,49643544432.000
sparse_query2_dense,100000,1,100000,2,338,88806.459,51948972192.000
sparse_query2_dense,100000,1,100000,3,338,88997.166,51948972192.000
sparse_query2_dense,100000,1,100000,4,328,91537.729,50412020352.000
sparse_query2_dense,100000,1,100000,5,338,88967.331,51948972192.000
sparse_query2_dense,100000,1,100000,6,329,91319.277,50565715536.000
archetype_query2_dense,100000,1,100000,0,550,54567.424,84532351200.000
archetype_query2_dense,100000,1,100000,1,550,54562.045,84532351200.000
archetype_query2_dense,100000,1,100000,2,550,54556.364,84532351200.000
archetype_query2_dense,100000,1,100000,3,550,54594.469,84532351200.000
archetype_query2_dense,100000,1,100000,4,551,54463.249,84686046384.000
archetype_query2_dense,100000,1,100000,5,552,54416.440,84839741568.000
archetype_query2_dense,100000,1,100000,6,552,54431.839,84839741568.000
sparse_query4_dense,100000,1,100000,0,150,201190.833,24554277600.000
sparse_query4_dense,100000,1,100000,1,149,201620.523,24390582416.000
sparse_query4_dense,100000,1,100000,2,149,202711.128,24390582416.000
sparse_query4_dense,100000,1,100000,3,149,201713.926,24390582416.000
sparse_query4_dense,100000,1,100000,4,149,201460.013,24390582416.000
sparse_query4_dense,100000,1,100000,5,150,200873.613,24554277600.000
sparse_query4_dense,100000,1,100000,6,149,202067.678,24390582416.000
archetype_query4_dense,100000,1,100000,0,540,55595.293,88395399360.000
archetype_query4_dense,100000,1,100000,1,540,55618.828,88395399360.000
archetype_query4_dense,100000,1,100000,2,538,55767.812,88068008992.000
archetype_query4_dense,100000,1,100000,3,539,55666.744,88231704176.000
archetype_query4_dense,100000,1,100000,4,539,55667.440,88231704176.000
archetype_query4_dense,100000,1,100000,5,540,55625.619,88395399360.000
archetype_query4_dense,100000,1,100000,6,540,55589.274,88395399360.000
sparse_query2_one_percent,100000,1,100000,0,337,89136.620,51795277008.000
sparse_query2_one_percent,100000,1,100000,1,338,88939.964,51948972192.000
sparse_query2_one_percent,100000,1,100000,2,335,89686.693,51487886640.000
sparse_query2_one_percent,100000,1,100000,3,337,89159.620,51795277008.000
sparse_query2_one_percent,100000,1,100000,4,336,89305.804,51641581824.000
sparse_query2_one_percent,100000,1,100000,5,338,88951.183,51948972192.000
sparse_query2_one_percent,100000,1,100000,6,337,89021.018,51795277008.000
archetype_query2_one_percent,100000,1,100000,0,553,54342.826,84993436752.000
archetype_query2_one_percent,100000,1,100000,1,552,54413.647,84839741568.000
archetype_query2_one_percent,100000,1,100000,2,552,54427.839,84839741568.000
archetype_query2_one_percent,100000,1,100000,3,552,54431.763,84839741568.000
archetype_query2_one_percent,100000,1,100000,4,552,54377.264,84839741568.000
archetype_query2_one_percent,100000,1,100000,5,551,54497.127,84686046384.000
archetype_query2_one_percent,100000,1,100000,6,552,54391.909,84839741568.000
sparse_query4_one_percent,100000,1,1000,0,200,150282.500,326739200.000
sparse_query4_one_percent,100000,1,1000,1,200,150742.085,326739200.000
sparse_query4_one_percent,100000,1,1000,2,200,150580.835,326739200.000
sparse_query4_one_percent,100000,1,1000,3,200,150406.040,326739200.000
sparse_query4_one_percent,100000,1,1000,4,201,149773.219,328372896.000
sparse_query4_one_percent,100000,1,1000,5,200,150288.960,326739200.000
sparse_query4_one_percent,100000,1,1000,6,201,149561.363,328372896.000
archetype_query4_one_percent,100000,1,1000,0,54262,552.875,88647612352.000
archetype_query4_one_percent,100000,1,1000,1,54257,552.928,88639443872.000
archetype_query4_one_percent,100000,1,1000,2,54160,553.921,88480975360.000
archetype_query4_one_percent,100000,1,1000,3,54156,553.956,88474440576.000
archetype_query4_one_percent,100000,1,1000,4,54241,553.096,88613304736.000
archetype_query4_one_percent,100000,1,1000,5,54235,553.157,88603502560.000
archetype_query4_one_percent,100000,1,1000,6,54240,553.100,88611671040.000
sparse_churn_tag_roundtrip,100000,1,99999,0,10,3106745.800,1000000.000
sparse_churn_tag_roundtrip,100000,1,99999,1,10,3099004.100,1000000.000
sparse_churn_tag_roundtrip,100000,1,99999,2,10,3120525.000,1000000.000
sparse_churn_tag_roundtrip,100000,1,99999,3,10,3115158.300,1000000.000
sparse_churn_tag_roundtrip,100000,1,99999,4,10,3090575.000,1000000.000
sparse_churn_tag_roundtrip,100000,1,99999,5,10,3106379.100,1000000.000
sparse_churn_tag_roundtrip,100000,1,99999,6,10,3110358.300,1000000.000
archetype_churn_tag_roundtrip,100000,1,99999,0,17,1834360.294,1699983.000
archetype_churn_tag_roundtrip,100000,1,99999,1,16,1879070.312,1599984.000
archetype_churn_tag_roundtrip,100000,1,99999,2,17,1806421.588,1699983.000
archetype_churn_tag_roundtrip,100000,1,99999,3,17,1812022.059,1699983.000
archetype_churn_tag_roundtrip,100000,1,99999,4,17,1800823.529,1699983.000
archetype_churn_tag_roundtrip,100000,1,99999,5,17,1817933.824,1699983.000
archetype_churn_tag_roundtrip,100000,1,99999,6,17,1845480.412,1699983.000
sparse_churn_wide_roundtrip,1000,1,999,0,1372,21880.619,1372000.000
sparse_churn_wide_roundtrip,1000,1,999,1,1371,21887.916,1371000.000
sparse_churn_wide_roundtrip,1000,1,999,2,1362,22029.858,1362000.000
sparse_churn_wide_roundtrip,1000,1,999,3,1366,21974.348,1366000.000
sparse_churn_wide_roundtrip,1000,1,999,4,1366,21968.613,1366000.000
sparse_churn_wide_roundtrip,1000,1,999,5,1362,22034.018,1362000.000
sparse_churn_wide_roundtrip,1000,1,999,6,1353,22184.128,1353000.000
archetype_churn_wide_roundtrip,1000,1,999,0,926,32419.592,925074.000
archetype_churn_wide_roundtrip,1000,1,999,1,930,32285.215,929070.000
archetype_churn_wide_roundtrip,1000,1,999,2,929,32321.448,928071.000
archetype_churn_wide_roundtrip,1000,1,999,3,928,32346.893,927072.000
archetype_churn_wide_roundtrip,1000,1,999,4,927,32381.786,926073.000
archetype_churn_wide_roundtrip,1000,1,999,5,927,32375.000,926073.000
archetype_churn_wide_roundtrip,1000,1,999,6,927,32364.122,926073.000
sparse_churn_wide_roundtrip,10000,1,9999,0,106,283618.717,1060000.000
sparse_churn_wide_roundtrip,10000,1,9999,1,107,282920.168,1070000.000
sparse_churn_wide_roundtrip,10000,1,9999,2,106,283712.264,1060000.000
sparse_churn_wide_roundtrip,10000,1,9999,3,107,282995.710,1070000.000
sparse_churn_wide_roundtrip,10000,1,9999,4,106,283481.132,1060000.000
sparse_churn_wide_roundtrip,10000,1,9999,5,106,283992.142,1060000.000
sparse_churn_wide_roundtrip,10000,1,9999,6,106,283164.302,1060000.000
archetype_churn_wide_roundtrip,10000,1,9999,0,81,371242.284,809919.000
archetype_churn_wide_roundtrip,10000,1,9999,1,81,373801.444,809919.000
archetype_churn_wide_roundtrip,10000,1,9999,2,81,374571.506,809919.000
archetype_churn_wide_roundtrip,10000,1,9999,3,81,372181.074,809919.000
archetype_churn_wide_roundtrip,10000,1,9999,4,81,374786.519,809919.000
archetype_churn_wide_roundtrip,10000,1,9999,5,81,371746.407,809919.000
archetype_churn_wide_roundtrip,10000,1,9999,6,81,371293.210,809919.000
sparse_churn_wide_roundtrip,100000,1,99999,0,10,3148700.000,1000000.000
sparse_churn_wide_roundtrip,100000,1,99999,1,10,3085270.800,1000000.000
sparse_churn_wide_roundtrip,100000,1,99999,2,10,3099212.500,1000000.000
sparse_churn_wide_roundtrip,100000,1,99999,3,10,3151879.200,1000000.000
sparse_churn_wide_roundtrip,100000,1,99999,4,10,3154737.500,1000000.000
sparse_churn_wide_roundtrip,100000,1,99999,5,10,3143254.200,1000000.000
sparse_churn_wide_roundtrip,100000,1,99999,6,10,3102220.800,1000000.000
archetype_churn_wide_roundtrip,100000,1,99999,0,7,4339982.143,699993.000
archetype_churn_wide_roundtrip,100000,1,99999,1,8,4270463.500,799992.000
archetype_churn_wide_roundtrip,100000,1,99999,2,8,4222859.375,799992.000
archetype_churn_wide_roundtrip,100000,1,99999,3,7,4323821.429,699993.000
archetype_churn_wide_roundtrip,100000,1,99999,4,8,4239593.750,799992.000
archetype_churn_wide_roundtrip,100000,1,99999,5,7,4379107.143,699993.000
archetype_churn_wide_roundtrip,100000,1,99999,6,7,4345678.571,699993.000
scheduler_sequential_independent_rounds1,0,1,0,0,1320285,22.722,0.000
scheduler_sequential_independent_rounds1,0,1,0,1,1320441,22.720,0.000
scheduler_sequential_independent_rounds1,0,1,0,2,1334464,22.481,0.000
scheduler_sequential_independent_rounds1,0,1,0,3,1310586,22.891,0.000
scheduler_sequential_independent_rounds1,0,1,0,4,1328288,22.585,0.000
scheduler_sequential_independent_rounds1,0,1,0,5,1330097,22.557,0.000
scheduler_sequential_independent_rounds1,0,1,0,6,1327592,22.597,0.000
scheduler_parallel_independent_rounds1,0,1,0,0,163457,183.536,0.000
scheduler_parallel_independent_rounds1,0,1,0,1,164455,182.422,0.000
scheduler_parallel_independent_rounds1,0,1,0,2,163149,183.882,0.000
scheduler_parallel_independent_rounds1,0,1,0,3,164294,182.600,0.000
scheduler_parallel_independent_rounds1,0,1,0,4,165119,181.688,0.000
scheduler_parallel_independent_rounds1,0,1,0,5,164743,182.103,0.000
scheduler_parallel_independent_rounds1,0,1,0,6,165654,181.101,0.000
scheduler_sequential_conflicting_rounds1,0,1,0,0,1324483,22.650,0.000
scheduler_sequential_conflicting_rounds1,0,1,0,1,1325035,22.641,0.000
scheduler_sequential_conflicting_rounds1,0,1,0,2,1325436,22.634,0.000
scheduler_sequential_conflicting_rounds1,0,1,0,3,1322324,22.687,0.000
scheduler_sequential_conflicting_rounds1,0,1,0,4,1328897,22.575,0.000
scheduler_sequential_conflicting_rounds1,0,1,0,5,1329497,22.565,0.000
scheduler_sequential_conflicting_rounds1,0,1,0,6,1332358,22.516,0.000
scheduler_parallel_conflicting_rounds1,0,1,0,0,1086389,27.614,0.000
scheduler_parallel_conflicting_rounds1,0,1,0,1,1031053,29.097,0.000
scheduler_parallel_conflicting_rounds1,0,1,0,2,1015255,29.549,0.000
scheduler_parallel_conflicting_rounds1,0,1,0,3,1011979,29.645,0.000
scheduler_parallel_conflicting_rounds1,0,1,0,4,1067409,28.105,0.000
scheduler_parallel_conflicting_rounds1,0,1,0,5,1043444,28.751,0.000
scheduler_parallel_conflicting_rounds1,0,1,0,6,1032582,29.053,0.000
scheduler_sequential_independent_rounds16,0,1,0,0,1327733,22.595,0.000
scheduler_sequential_independent_rounds16,0,1,0,1,1333846,22.491,0.000
scheduler_sequential_independent_rounds16,0,1,0,2,1324852,22.644,0.000
scheduler_sequential_independent_rounds16,0,1,0,3,1317808,22.765,0.000
scheduler_sequential_independent_rounds16,0,1,0,4,1325316,22.636,0.000
scheduler_sequential_independent_rounds16,0,1,0,5,1322218,22.689,0.000
scheduler_sequential_independent_rounds16,0,1,0,6,1330577,22.547,0.000
scheduler_parallel_independent_rounds16,0,1,0,0,163420,183.576,0.000
scheduler_parallel_independent_rounds16,0,1,0,1,164877,181.955,0.000
scheduler_parallel_independent_rounds16,0,1,0,2,166080,180.637,0.000
scheduler_parallel_independent_rounds16,0,1,0,3,165854,180.882,0.000
scheduler_parallel_independent_rounds16,0,1,0,4,164880,181.952,0.000
scheduler_parallel_independent_rounds16,0,1,0,5,163576,183.402,0.000
scheduler_parallel_independent_rounds16,0,1,0,6,166019,180.703,0.000
scheduler_sequential_conflicting_rounds16,0,1,0,0,1320869,22.712,0.000
scheduler_sequential_conflicting_rounds16,0,1,0,1,1337964,22.422,0.000
scheduler_sequential_conflicting_rounds16,0,1,0,2,1331829,22.525,0.000
scheduler_sequential_conflicting_rounds16,0,1,0,3,1318025,22.761,0.000
scheduler_sequential_conflicting_rounds16,0,1,0,4,1330356,22.550,0.000
scheduler_sequential_conflicting_rounds16,0,1,0,5,1327343,22.602,0.000
scheduler_sequential_conflicting_rounds16,0,1,0,6,1342891,22.340,0.000
scheduler_parallel_conflicting_rounds16,0,1,0,0,1072976,27.960,0.000
scheduler_parallel_conflicting_rounds16,0,1,0,1,1051113,28.541,0.000
scheduler_parallel_conflicting_rounds16,0,1,0,2,1037692,28.910,0.000
scheduler_parallel_conflicting_rounds16,0,1,0,3,1027187,29.206,0.000
scheduler_parallel_conflicting_rounds16,0,1,0,4,1019933,29.414,0.000
scheduler_parallel_conflicting_rounds16,0,1,0,5,988842,30.339,0.000
scheduler_parallel_conflicting_rounds16,0,1,0,6,1008555,29.746,0.000
scheduler_sequential_independent_rounds1,1000,1,8000,0,10081,2976.151,10081000.000
scheduler_sequential_independent_rounds1,1000,1,8000,1,10122,2964.076,10122000.000
scheduler_sequential_independent_rounds1,1000,1,8000,2,10098,2971.125,10098000.000
scheduler_sequential_independent_rounds1,1000,1,8000,3,9999,3000.488,9999000.000
scheduler_sequential_independent_rounds1,1000,1,8000,4,9903,3029.515,9903000.000
scheduler_sequential_independent_rounds1,1000,1,8000,5,10073,2978.494,10073000.000
scheduler_sequential_independent_rounds1,1000,1,8000,6,10005,2998.788,10005000.000
scheduler_parallel_independent_rounds1,1000,1,8000,0,9177,3269.274,9177000.000
scheduler_parallel_independent_rounds1,1000,1,8000,1,9229,3250.853,9229000.000
scheduler_parallel_independent_rounds1,1000,1,8000,2,9271,3236.126,9271000.000
scheduler_parallel_independent_rounds1,1000,1,8000,3,9296,3227.203,9296000.000
scheduler_parallel_independent_rounds1,1000,1,8000,4,9210,3257.659,9210000.000
scheduler_parallel_independent_rounds1,1000,1,8000,5,9132,3285.379,9132000.000
scheduler_parallel_independent_rounds1,1000,1,8000,6,9287,3230.340,9287000.000
scheduler_sequential_conflicting_rounds1,1000,1,8000,0,10505,2855.942,10505000.000
scheduler_sequential_conflicting_rounds1,1000,1,8000,1,10562,2840.426,10562000.000
scheduler_sequential_conflicting_rounds1,1000,1,8000,2,10456,2869.369,10456000.000
scheduler_sequential_conflicting_rounds1,1000,1,8000,3,10548,2844.244,10548000.000
scheduler_sequential_conflicting_rounds1,1000,1,8000,4,10536,2847.432,10536000.000
scheduler_sequential_conflicting_rounds1,1000,1,8000,5,10566,2839.331,10566000.000
scheduler_sequential_conflicting_rounds1,1000,1,8000,6,10531,2849.001,10531000.000
scheduler_parallel_conflicting_rounds1,1000,1,8000,0,10540,2846.442,10540000.000
scheduler_parallel_conflicting_rounds1,1000,1,8000,1,10527,2850.076,10527000.000
scheduler_parallel_conflicting_rounds1,1000,1,8000,2,10466,2866.488,10466000.000
scheduler_parallel_conflicting_rounds1,1000,1,8000,3,10551,2843.344,10551000.000
scheduler_parallel_conflicting_rounds1,1000,1,8000,4,10523,2851.025,10523000.000
scheduler_parallel_conflicting_rounds1,1000,1,8000,5,10546,2844.736,10546000.000
scheduler_parallel_conflicting_rounds1,1000,1,8000,6,10547,2844.557,10547000.000
scheduler_sequential_independent_rounds16,1000,1,8000,0,342,87764.743,342000.000
scheduler_sequential_independent_rounds16,1000,1,8000,1,343,87709.184,343000.000
scheduler_sequential_independent_rounds16,1000,1,8000,2,342,87743.178,342000.000
scheduler_sequential_independent_rounds16,1000,1,8000,3,342,87734.529,342000.000
scheduler_sequential_independent_rounds16,1000,1,8000,4,343,87669.461,343000.000
scheduler_sequential_independent_rounds16,1000,1,8000,5,341,88023.581,341000.000
scheduler_sequential_independent_rounds16,1000,1,8000,6,343,87547.499,343000.000
scheduler_parallel_independent_rounds16,1000,1,8000,0,342,87873.781,342000.000
scheduler_parallel_independent_rounds16,1000,1,8000,1,342,87892.424,342000.000
scheduler_parallel_independent_rounds16,1000,1,8000,2,342,87832.602,342000.000
scheduler_parallel_independent_rounds16,1000,1,8000,3,341,88038.490,341000.000
scheduler_parallel_independent_rounds16,1000,1,8000,4,340,88413.847,340000.000
scheduler_parallel_independent_rounds16,1000,1,8000,5,342,87965.398,342000.000
scheduler_parallel_independent_rounds16,1000,1,8000,6,341,87989.613,341000.000
scheduler_sequential_conflicting_rounds16,1000,1,8000,0,349,86065.665,349000.000
scheduler_sequential_conflicting_rounds16,1000,1,8000,1,348,86255.267,348000.000
scheduler_sequential_conflicting_rounds16,1000,1,8000,2,348,86313.816,348000.000
scheduler_sequential_conflicting_rounds16,1000,1,8000,3,349,86167.742,349000.000
scheduler_sequential_conflicting_rounds16,1000,1,8000,4,348,86295.379,348000.000
scheduler_sequential_conflicting_rounds16,1000,1,8000,5,349,86148.756,349000.000
scheduler_sequential_conflicting_rounds16,1000,1,8000,6,348,86279.575,348000.000
scheduler_parallel_conflicting_rounds16,1000,1,8000,0,347,86480.908,347000.000
scheduler_parallel_conflicting_rounds16,1000,1,8000,1,349,86109.241,349000.000
scheduler_parallel_conflicting_rounds16,1000,1,8000,2,349,86102.673,349000.000
scheduler_parallel_conflicting_rounds16,1000,1,8000,3,349,86204.037,349000.000
scheduler_parallel_conflicting_rounds16,1000,1,8000,4,349,86121.418,349000.000
scheduler_parallel_conflicting_rounds16,1000,1,8000,5,349,86061.963,349000.000
scheduler_parallel_conflicting_rounds16,1000,1,8000,6,349,86121.418,349000.000
scheduler_sequential_independent_rounds1,10000,1,80000,0,915,32811.020,9150000.000
scheduler_sequential_independent_rounds1,10000,1,80000,1,922,32555.766,9220000.000
scheduler_sequential_independent_rounds1,10000,1,80000,2,918,32686.592,9180000.000
scheduler_sequential_independent_rounds1,10000,1,80000,3,921,32577.226,9210000.000
scheduler_sequential_independent_rounds1,10000,1,80000,4,917,32722.828,9170000.000
scheduler_sequential_independent_rounds1,10000,1,80000,5,919,32656.738,9190000.000
scheduler_sequential_independent_rounds1,10000,1,80000,6,919,32668.072,9190000.000
scheduler_parallel_independent_rounds1,10000,1,80000,0,915,32793.716,9150000.000
scheduler_parallel_independent_rounds1,10000,1,80000,1,915,32802.869,9150000.000
scheduler_parallel_independent_rounds1,10000,1,80000,2,914,32828.683,9140000.000
scheduler_parallel_independent_rounds1,10000,1,80000,3,914,32826.176,9140000.000
scheduler_parallel_independent_rounds1,10000,1,80000,4,915,32808.287,9150000.000
scheduler_parallel_independent_rounds1,10000,1,80000,5,912,32917.489,9120000.000
scheduler_parallel_independent_rounds1,10000,1,80000,6,912,32928.454,9120000.000
scheduler_sequential_conflicting_rounds1,10000,1,80000,0,911,32931.120,9110000.000
scheduler_sequential_conflicting_rounds1,10000,1,80000,1,910,32967.308,9100000.000
scheduler_sequential_conflicting_rounds1,10000,1,80000,2,913,32893.757,9130000.000
scheduler_sequential_conflicting_rounds1,10000,1,80000,3,913,32892.752,9130000.000
scheduler_sequential_conflicting_rounds1,10000,1,80000,4,912,32900.539,9120000.000
scheduler_sequential_conflicting_rounds1,10000,1,80000,5,913,32863.956,9130000.000
scheduler_sequential_conflicting_rounds1,10000,1,80000,6,912,32900.219,9120000.000
scheduler_parallel_conflicting_rounds1,10000,1,80000,0,919,32656.919,9190000.000
scheduler_parallel_conflicting_rounds1,10000,1,80000,1,924,32501.578,9240000.000
scheduler_parallel_conflicting_rounds1,10000,1,80000,2,919,32654.834,9190000.000
scheduler_parallel_conflicting_rounds1,10000,1,80000,3,908,33049.606,9080000.000
scheduler_parallel_conflicting_rounds1,10000,1,80000,4,919,32656.058,9190000.000
scheduler_parallel_conflicting_rounds1,10000,1,80000,5,919,32672.560,9190000.000
scheduler_parallel_conflicting_rounds1,10000,1,80000,6,915,32818.852,9150000.000
scheduler_sequential_independent_rounds16,10000,1,80000,0,35,880425.000,350000.000
scheduler_sequential_independent_rounds16,10000,1,80000,1,35,878063.086,350000.000
scheduler_sequential_independent_rounds16,10000,1,80000,2,35,876485.714,350000.000
scheduler_sequential_independent_rounds16,10000,1,80000,3,35,878354.771,350000.000
scheduler_sequential_independent_rounds16,10000,1,80000,4,35,877958.343,350000.000
scheduler_sequential_independent_rounds16,10000,1,80000,5,35,878028.571,350000.000
scheduler_sequential_independent_rounds16,10000,1,80000,6,35,876225.000,350000.000
scheduler_parallel_independent_rounds16,10000,1,80000,0,35,881240.457,350000.000
scheduler_parallel_independent_rounds16,10000,1,80000,1,35,878878.571,350000.000
scheduler_parallel_independent_rounds16,10000,1,80000,2,35,880751.171,350000.000
scheduler_parallel_independent_rounds16,10000,1,80000,3,35,881776.200,350000.000
scheduler_parallel_independent_rounds16,10000,1,80000,4,35,882003.571,350000.000
scheduler_parallel_independent_rounds16,10000,1,80000,5,35,878279.771,350000.000
scheduler_parallel_independent_rounds16,10000,1,80000,6,35,879565.457,350000.000
scheduler_sequential_conflicting_rounds16,10000,1,80000,0,35,865280.943,350000.000
scheduler_sequential_conflicting_rounds16,10000,1,80000,1,35,865113.086,350000.000
scheduler_sequential_conflicting_rounds16,10000,1,80000,2,35,865954.771,350000.000
scheduler_sequential_conflicting_rounds16,10000,1,80000,3,35,864461.886,350000.000
scheduler_sequential_conflicting_rounds16,10000,1,80000,4,35,865335.714,350000.000
scheduler_sequential_conflicting_rounds16,10000,1,80000,5,35,866447.629,350000.000
scheduler_sequential_conflicting_rounds16,10000,1,80000,6,35,864526.200,350000.000
scheduler_parallel_conflicting_rounds16,10000,1,80000,0,35,865303.571,350000.000
scheduler_parallel_conflicting_rounds16,10000,1,80000,1,35,865932.143,350000.000
scheduler_parallel_conflicting_rounds16,10000,1,80000,2,35,864894.029,350000.000
scheduler_parallel_conflicting_rounds16,10000,1,80000,3,35,864978.571,350000.000
scheduler_parallel_conflicting_rounds16,10000,1,80000,4,35,865294.057,350000.000
scheduler_parallel_conflicting_rounds16,10000,1,80000,5,35,867717.857,350000.000
scheduler_parallel_conflicting_rounds16,10000,1,80000,6,35,864338.114,350000.000
scheduler_sequential_independent_rounds1,100000,1,800000,0,93,326000.892,9300000.000
scheduler_sequential_independent_rounds1,100000,1,800000,1,93,324811.828,9300000.000
scheduler_sequential_independent_rounds1,100000,1,800000,2,93,325919.796,9300000.000
scheduler_sequential_independent_rounds1,100000,1,800000,3,93,325620.968,9300000.000
scheduler_sequential_independent_rounds1,100000,1,800000,4,92,326381.793,9200000.000
scheduler_sequential_independent_rounds1,100000,1,800000,5,92,326098.728,9200000.000
scheduler_sequential_independent_rounds1,100000,1,800000,6,93,325198.032,9300000.000
scheduler_parallel_independent_rounds1,100000,1,800000,0,93,324816.301,9300000.000
scheduler_parallel_independent_rounds1,100000,1,800000,1,93,324778.226,9300000.000
scheduler_parallel_independent_rounds1,100000,1,800000,2,93,325946.237,9300000.000
scheduler_parallel_independent_rounds1,100000,1,800000,3,93,324669.355,9300000.000
scheduler_parallel_independent_rounds1,100000,1,800000,4,93,325771.054,9300000.000
scheduler_parallel_independent_rounds1,100000,1,800000,5,93,324431.452,9300000.000
scheduler_parallel_independent_rounds1,100000,1,800000,6,93,324563.624,9300000.000
scheduler_sequential_conflicting_rounds1,100000,1,800000,0,93,324567.656,9300000.000
scheduler_sequential_conflicting_rounds1,100000,1,800000,1,93,326086.914,9300000.000
scheduler_sequential_conflicting_rounds1,100000,1,800000,2,93,325806.452,9300000.000
scheduler_sequential_conflicting_rounds1,100000,1,800000,3,93,325590.957,9300000.000
scheduler_sequential_conflicting_rounds1,100000,1,800000,4,93,325392.914,9300000.000
scheduler_sequential_conflicting_rounds1,100000,1,800000,5,92,326103.717,9200000.000
scheduler_sequential_conflicting_rounds1,100000,1,800000,6,93,325418.011,9300000.000
scheduler_parallel_conflicting_rounds1,100000,1,800000,0,93,322582.430,9300000.000
scheduler_parallel_conflicting_rounds1,100000,1,800000,1,93,324198.473,9300000.000
scheduler_parallel_conflicting_rounds1,100000,1,800000,2,94,322162.670,9400000.000
scheduler_parallel_conflicting_rounds1,100000,1,800000,3,94,322161.340,9400000.000
scheduler_parallel_conflicting_rounds1,100000,1,800000,4,93,324457.430,9300000.000
scheduler_parallel_conflicting_rounds1,100000,1,800000,5,93,323254.484,9300000.000
scheduler_parallel_conflicting_rounds1,100000,1,800000,6,94,322031.468,9400000.000
scheduler_sequential_independent_rounds16,100000,1,800000,0,4,8801427.000,400000.000
scheduler_sequential_independent_rounds16,100000,1,800000,1,4,8797687.500,400000.000
scheduler_sequential_independent_rounds16,100000,1,800000,2,4,8821323.000,400000.000
scheduler_sequential_independent_rounds16,100000,1,800000,3,4,8792760.250,400000.000
scheduler_sequential_independent_rounds16,100000,1,800000,4,4,8861000.000,400000.000
scheduler_sequential_independent_rounds16,100000,1,800000,5,4,8808448.000,400000.000
scheduler_sequential_independent_rounds16,100000,1,800000,6,4,8797145.750,400000.000
scheduler_parallel_independent_rounds16,100000,1,800000,0,4,8803500.000,400000.000
scheduler_parallel_independent_rounds16,100000,1,800000,1,4,8817614.500,400000.000
scheduler_parallel_independent_rounds16,100000,1,800000,2,4,8816927.250,400000.000
scheduler_parallel_independent_rounds16,100000,1,800000,3,4,8799125.000,400000.000
scheduler_parallel_independent_rounds16,100000,1,800000,4,4,8795656.250,400000.000
scheduler_parallel_independent_rounds16,100000,1,800000,5,4,8789823.000,400000.000
scheduler_parallel_independent_rounds16,100000,1,800000,6,4,8805073.000,400000.000
scheduler_sequential_conflicting_rounds16,100000,1,800000,0,4,8641218.750,400000.000
scheduler_sequential_conflicting_rounds16,100000,1,800000,1,4,8658760.500,400000.000
scheduler_sequential_conflicting_rounds16,100000,1,800000,2,4,8633250.000,400000.000
scheduler_sequential_conflicting_rounds16,100000,1,800000,3,4,8674989.750,400000.000
scheduler_sequential_conflicting_rounds16,100000,1,800000,4,4,8640104.250,400000.000
scheduler_sequential_conflicting_rounds16,100000,1,800000,5,4,8649979.000,400000.000
scheduler_sequential_conflicting_rounds16,100000,1,800000,6,4,8659020.750,400000.000
scheduler_parallel_conflicting_rounds16,100000,1,800000,0,4,8633697.750,400000.000
scheduler_parallel_conflicting_rounds16,100000,1,800000,1,4,8672020.750,400000.000
scheduler_parallel_conflicting_rounds16,100000,1,800000,2,4,8689531.250,400000.000
scheduler_parallel_conflicting_rounds16,100000,1,800000,3,4,8669896.000,400000.000
scheduler_parallel_conflicting_rounds16,100000,1,800000,4,4,8700083.500,400000.000
scheduler_parallel_conflicting_rounds16,100000,1,800000,5,4,8707614.500,400000.000
scheduler_parallel_conflicting_rounds16,100000,1,800000,6,4,8660833.500,400000.000
scheduler_sequential_independent_rounds1,0,2,0,0,1311613,22.873,0.000
scheduler_sequential_independent_rounds1,0,2,0,1,1323311,22.670,0.000
scheduler_sequential_independent_rounds1,0,2,0,2,1325677,22.630,0.000
scheduler_sequential_independent_rounds1,0,2,0,3,1327001,22.607,0.000
scheduler_sequential_independent_rounds1,0,2,0,4,1320755,22.714,0.000
scheduler_sequential_independent_rounds1,0,2,0,5,1318899,22.746,0.000
scheduler_sequential_independent_rounds1,0,2,0,6,1316131,22.794,0.000
scheduler_parallel_independent_rounds1,0,2,0,0,23432,1280.354,0.000
scheduler_parallel_independent_rounds1,0,2,0,1,24684,1215.404,0.000
scheduler_parallel_independent_rounds1,0,2,0,2,22273,1346.956,0.000
scheduler_parallel_independent_rounds1,0,2,0,3,21959,1366.241,0.000
scheduler_parallel_independent_rounds1,0,2,0,4,22676,1323.036,0.000
scheduler_parallel_independent_rounds1,0,2,0,5,22456,1335.951,0.000
scheduler_parallel_independent_rounds1,0,2,0,6,22573,1329.075,0.000
scheduler_sequential_conflicting_rounds1,0,2,0,0,1333719,22.494,0.000
scheduler_sequential_conflicting_rounds1,0,2,0,1,1324887,22.643,0.000
scheduler_sequential_conflicting_rounds1,0,2,0,2,1316420,22.789,0.000
scheduler_sequential_conflicting_rounds1,0,2,0,3,1329896,22.558,0.000
scheduler_sequential_conflicting_rounds1,0,2,0,4,1329074,22.572,0.000
scheduler_sequential_conflicting_rounds1,0,2,0,5,1328773,22.577,0.000
scheduler_sequential_conflicting_rounds1,0,2,0,6,1325286,22.637,0.000
scheduler_parallel_conflicting_rounds1,0,2,0,0,1055354,28.426,0.000
scheduler_parallel_conflicting_rounds1,0,2,0,1,1014969,29.558,0.000
scheduler_parallel_conflicting_rounds1,0,2,0,2,1049910,28.574,0.000
scheduler_parallel_conflicting_rounds1,0,2,0,3,1022288,29.346,0.000
scheduler_parallel_conflicting_rounds1,0,2,0,4,1018866,29.445,0.000
scheduler_parallel_conflicting_rounds1,0,2,0,5,1058896,28.331,0.000
scheduler_parallel_conflicting_rounds1,0,2,0,6,1044340,28.726,0.000
scheduler_sequential_independent_rounds16,0,2,0,0,1324395,22.652,0.000
scheduler_sequential_independent_rounds16,0,2,0,1,1314780,22.818,0.000
scheduler_sequential_independent_rounds16,0,2,0,2,1311810,22.869,0.000
scheduler_sequential_independent_rounds16,0,2,0,3,1332362,22.516,0.000
scheduler_sequential_independent_rounds16,0,2,0,4,1325197,22.638,0.000
scheduler_sequential_independent_rounds16,0,2,0,5,1328093,22.589,0.000
scheduler_sequential_independent_rounds16,0,2,0,6,1320135,22.725,0.000
scheduler_parallel_independent_rounds16,0,2,0,0,21254,1411.521,0.000
scheduler_parallel_independent_rounds16,0,2,0,1,22747,1318.857,0.000
scheduler_parallel_independent_rounds16,0,2,0,2,22695,1321.932,0.000
scheduler_parallel_independent_rounds16,0,2,0,3,21650,1385.697,0.000
scheduler_parallel_independent_rounds16,0,2,0,4,21583,1390.027,0.000
scheduler_parallel_independent_rounds16,0,2,0,5,22547,1330.585,0.000
scheduler_parallel_independent_rounds16,0,2,0,6,22307,1344.910,0.000
scheduler_sequential_conflicting_rounds16,0,2,0,0,1321772,22.697,0.000
scheduler_sequential_conflicting_rounds16,0,2,0,1,1319505,22.736,0.000
scheduler_sequential_conflicting_rounds16,0,2,0,2,1325031,22.641,0.000
scheduler_sequential_conflicting_rounds16,0,2,0,3,1319681,22.733,0.000
scheduler_sequential_conflicting_rounds16,0,2,0,4,1318741,22.749,0.000
scheduler_sequential_conflicting_rounds16,0,2,0,5,1322176,22.690,0.000
scheduler_sequential_conflicting_rounds16,0,2,0,6,1318997,22.745,0.000
scheduler_parallel_conflicting_rounds16,0,2,0,0,1054358,28.453,0.000
scheduler_parallel_conflicting_rounds16,0,2,0,1,1014348,29.576,0.000
scheduler_parallel_conflicting_rounds16,0,2,0,2,1056526,28.395,0.000
scheduler_parallel_conflicting_rounds16,0,2,0,3,1071885,27.988,0.000
scheduler_parallel_conflicting_rounds16,0,2,0,4,1068064,28.088,0.000
scheduler_parallel_conflicting_rounds16,0,2,0,5,1018005,29.469,0.000
scheduler_parallel_conflicting_rounds16,0,2,0,6,1068396,28.080,0.000
scheduler_sequential_independent_rounds1,1000,2,8000,0,10106,2968.731,10106000.000
scheduler_sequential_independent_rounds1,1000,2,8000,1,10030,2991.205,10030000.000
scheduler_sequential_independent_rounds1,1000,2,8000,2,10021,2993.846,10021000.000
scheduler_sequential_independent_rounds1,1000,2,8000,3,10055,2983.723,10055000.000
scheduler_sequential_independent_rounds1,1000,2,8000,4,9972,3008.674,9972000.000
scheduler_sequential_independent_rounds1,1000,2,8000,5,10045,2986.710,10045000.000
scheduler_sequential_independent_rounds1,1000,2,8000,6,9961,3011.838,9961000.000
scheduler_parallel_independent_rounds1,1000,2,8000,0,12021,2495.674,12021000.000
scheduler_parallel_independent_rounds1,1000,2,8000,1,11804,2541.638,11804000.000
scheduler_parallel_independent_rounds1,1000,2,8000,2,11932,2514.384,11932000.000
scheduler_parallel_independent_rounds1,1000,2,8000,3,11900,2521.085,11900000.000
scheduler_parallel_independent_rounds1,1000,2,8000,4,12107,2478.077,12107000.000
scheduler_parallel_independent_rounds1,1000,2,8000,5,12179,2463.386,12179000.000
scheduler_parallel_independent_rounds1,1000,2,8000,6,11903,2520.468,11903000.000
scheduler_sequential_conflicting_rounds1,1000,2,8000,0,10540,2846.339,10540000.000
scheduler_sequential_conflicting_rounds1,1000,2,8000,1,9839,3049.251,9839000.000
scheduler_sequential_conflicting_rounds1,1000,2,8000,2,10627,2823.061,10627000.000
scheduler_sequential_conflicting_rounds1,1000,2,8000,3,10573,2837.448,10573000.000
scheduler_sequential_conflicting_rounds1,1000,2,8000,4,10539,2846.570,10539000.000
scheduler_sequential_conflicting_rounds1,1000,2,8000,5,10596,2831.269,10596000.000
scheduler_sequential_conflicting_rounds1,1000,2,8000,6,10581,2835.346,10581000.000
scheduler_parallel_conflicting_rounds1,1000,2,8000,0,10537,2847.225,10537000.000
scheduler_parallel_conflicting_rounds1,1000,2,8000,1,10548,2844.354,10548000.000
scheduler_parallel_conflicting_rounds1,1000,2,8000,2,10477,2863.670,10477000.000
scheduler_parallel_conflicting_rounds1,1000,2,8000,3,10585,2834.282,10585000.000
scheduler_parallel_conflicting_rounds1,1000,2,8000,4,10566,2839.363,10566000.000
scheduler_parallel_conflicting_rounds1,1000,2,8000,5,10587,2833.869,10587000.000
scheduler_parallel_conflicting_rounds1,1000,2,8000,6,10544,2845.263,10544000.000
scheduler_sequential_independent_rounds16,1000,2,8000,0,341,88016.496,341000.000
scheduler_sequential_independent_rounds16,1000,2,8000,1,342,87845.883,342000.000
scheduler_sequential_independent_rounds16,1000,2,8000,2,342,87770.222,342000.000
scheduler_sequential_independent_rounds16,1000,2,8000,3,343,87662.292,343000.000
scheduler_sequential_independent_rounds16,1000,2,8000,4,343,87645.289,343000.000
scheduler_sequential_independent_rounds16,1000,2,8000,5,341,88213.710,341000.000
scheduler_sequential_independent_rounds16,1000,2,8000,6,342,87764.497,342000.000
scheduler_parallel_independent_rounds16,1000,2,8000,0,664,45199.673,664000.000
scheduler_parallel_independent_rounds16,1000,2,8000,1,660,45459.974,660000.000
scheduler_parallel_independent_rounds16,1000,2,8000,2,664,45207.517,664000.000
scheduler_parallel_independent_rounds16,1000,2,8000,3,659,45527.821,659000.000
scheduler_parallel_independent_rounds16,1000,2,8000,4,661,45430.787,661000.000
scheduler_parallel_independent_rounds16,1000,2,8000,5,664,45195.157,664000.000
scheduler_parallel_independent_rounds16,1000,2,8000,6,661,45395.551,661000.000
scheduler_sequential_conflicting_rounds16,1000,2,8000,0,348,86210.129,348000.000
scheduler_sequential_conflicting_rounds16,1000,2,8000,1,348,86212.644,348000.000
scheduler_sequential_conflicting_rounds16,1000,2,8000,2,349,86117.599,349000.000
scheduler_sequential_conflicting_rounds16,1000,2,8000,3,349,86092.524,349000.000
scheduler_sequential_conflicting_rounds16,1000,2,8000,4,349,86166.905,349000.000
scheduler_sequential_conflicting_rounds16,1000,2,8000,5,349,86101.123,349000.000
scheduler_sequential_conflicting_rounds16,1000,2,8000,6,349,86174.307,349000.000
scheduler_parallel_conflicting_rounds16,1000,2,8000,0,349,86131.567,349000.000
scheduler_parallel_conflicting_rounds16,1000,2,8000,1,347,86464.576,347000.000
scheduler_parallel_conflicting_rounds16,1000,2,8000,2,348,86278.736,348000.000
scheduler_parallel_conflicting_rounds16,1000,2,8000,3,349,86163.562,349000.000
scheduler_parallel_conflicting_rounds16,1000,2,8000,4,348,86377.397,348000.000
scheduler_parallel_conflicting_rounds16,1000,2,8000,5,349,86061.367,349000.000
scheduler_parallel_conflicting_rounds16,1000,2,8000,6,348,86324.115,348000.000
scheduler_sequential_independent_rounds1,10000,2,80000,0,921,32597.765,9210000.000
scheduler_sequential_independent_rounds1,10000,2,80000,1,922,32561.958,9220000.000
scheduler_sequential_independent_rounds1,10000,2,80000,2,918,32686.455,9180000.000
scheduler_sequential_independent_rounds1,10000,2,80000,3,920,32636.413,9200000.000
scheduler_sequential_independent_rounds1,10000,2,80000,4,920,32613.633,9200000.000
scheduler_sequential_independent_rounds1,10000,2,80000,5,920,32609.511,9200000.000
scheduler_sequential_independent_rounds1,10000,2,80000,6,919,32648.849,9190000.000
scheduler_parallel_independent_rounds1,10000,2,80000,0,1695,17700.319,16950000.000
scheduler_parallel_independent_rounds1,10000,2,80000,1,1693,17721.500,16930000.000
scheduler_parallel_independent_rounds1,10000,2,80000,2,1691,17748.473,16910000.000
scheduler_parallel_independent_rounds1,10000,2,80000,3,1681,17851.775,16810000.000
scheduler_parallel_independent_rounds1,10000,2,80000,4,1695,17700.467,16950000.000
scheduler_parallel_independent_rounds1,10000,2,80000,5,1699,17665.073,16990000.000
scheduler_parallel_independent_rounds1,10000,2,80000,6,1706,17592.175,17060000.000
scheduler_sequential_conflicting_rounds1,10000,2,80000,0,910,32986.126,9100000.000
scheduler_sequential_conflicting_rounds1,10000,2,80000,1,908,33048.320,9080000.000
scheduler_sequential_conflicting_rounds1,10000,2,80000,2,907,33108.646,9070000.000
scheduler_sequential_conflicting_rounds1,10000,2,80000,3,907,33091.097,9070000.000
scheduler_sequential_conflicting_rounds1,10000,2,80000,4,909,33019.573,9090000.000
scheduler_sequential_conflicting_rounds1,10000,2,80000,5,910,32973.123,9100000.000
scheduler_sequential_conflicting_rounds1,10000,2,80000,6,910,32998.444,9100000.000
scheduler_parallel_conflicting_rounds1,10000,2,80000,0,921,32577.046,9210000.000
scheduler_parallel_conflicting_rounds1,10000,2,80000,1,922,32543.610,9220000.000
scheduler_parallel_conflicting_rounds1,10000,2,80000,2,924,32483.676,9240000.000
scheduler_parallel_conflicting_rounds1,10000,2,80000,3,923,32513.046,9230000.000
scheduler_parallel_conflicting_rounds1,10000,2,80000,4,925,32446.125,9250000.000
scheduler_parallel_conflicting_rounds1,10000,2,80000,5,925,32456.757,9250000.000
scheduler_parallel_conflicting_rounds1,10000,2,80000,6,922,32538.730,9220000.000
scheduler_sequential_independent_rounds16,10000,2,80000,0,35,877882.143,350000.000
scheduler_sequential_independent_rounds16,10000,2,80000,1,35,878490.457,350000.000
scheduler_sequential_independent_rounds16,10000,2,80000,2,34,882389.706,340000.000
scheduler_sequential_independent_rounds16,10000,2,80000,3,35,882033.343,350000.000
scheduler_sequential_independent_rounds16,10000,2,80000,4,35,879067.857,350000.000
scheduler_sequential_independent_rounds16,10000,2,80000,5,35,878485.714,350000.000
scheduler_sequential_independent_rounds16,10000,2,80000,6,35,877729.771,350000.000
scheduler_parallel_independent_rounds16,10000,2,80000,0,68,447302.706,680000.000
scheduler_parallel_independent_rounds16,10000,2,80000,1,68,442851.103,680000.000
scheduler_parallel_independent_rounds16,10000,2,80000,2,68,444563.103,680000.000
scheduler_parallel_independent_rounds16,10000,2,80000,3,68,444164.838,680000.000
scheduler_parallel_independent_rounds16,10000,2,80000,4,68,442618.882,680000.000
scheduler_parallel_independent_rounds16,10000,2,80000,5,68,443313.721,680000.000
scheduler_parallel_independent_rounds16,10000,2,80000,6,68,443173.412,680000.000
scheduler_sequential_conflicting_rounds16,10000,2,80000,0,35,864130.971,350000.000
scheduler_sequential_conflicting_rounds16,10000,2,80000,1,35,864846.429,350000.000
scheduler_sequential_conflicting_rounds16,10000,2,80000,2,35,864358.314,350000.000
scheduler_sequential_conflicting_rounds16,10000,2,80000,3,35,867783.343,350000.000
scheduler_sequential_conflicting_rounds16,10000,2,80000,4,35,865272.629,350000.000
scheduler_sequential_conflicting_rounds16,10000,2,80000,5,35,863914.286,350000.000
scheduler_sequential_conflicting_rounds16,10000,2,80000,6,35,864933.343,350000.000
scheduler_parallel_conflicting_rounds16,10000,2,80000,0,35,865316.686,350000.000
scheduler_parallel_conflicting_rounds16,10000,2,80000,1,35,865170.257,350000.000
scheduler_parallel_conflicting_rounds16,10000,2,80000,2,35,864238.114,350000.000
scheduler_parallel_conflicting_rounds16,10000,2,80000,3,35,865296.429,350000.000
scheduler_parallel_conflicting_rounds16,10000,2,80000,4,35,868058.343,350000.000
scheduler_parallel_conflicting_rounds16,10000,2,80000,5,35,864679.743,350000.000
scheduler_parallel_conflicting_rounds16,10000,2,80000,6,35,864894.057,350000.000
scheduler_sequential_independent_rounds1,100000,2,800000,0,92,326336.500,9200000.000
scheduler_sequential_independent_rounds1,100000,2,800000,1,93,325491.935,9300000.000
scheduler_sequential_independent_rounds1,100000,2,800000,2,93,325179.656,9300000.000
scheduler_sequential_independent_rounds1,100000,2,800000,3,93,325792.108,9300000.000
scheduler_sequential_independent_rounds1,100000,2,800000,4,93,325267.473,9300000.000
scheduler_sequential_independent_rounds1,100000,2,800000,5,93,325953.849,9300000.000
scheduler_sequential_independent_rounds1,100000,2,800000,6,93,325967.290,9300000.000
scheduler_parallel_independent_rounds1,100000,2,800000,0,181,165977.442,18100000.000
scheduler_parallel_independent_rounds1,100000,2,800000,1,182,165633.011,18200000.000
scheduler_parallel_independent_rounds1,100000,2,800000,2,182,165732.374,18200000.000
scheduler_parallel_independent_rounds1,100000,2,800000,3,181,165951.199,18100000.000
scheduler_parallel_independent_rounds1,100000,2,800000,4,181,166386.508,18100000.000
scheduler_parallel_independent_rounds1,100000,2,800000,5,182,165626.604,18200000.000
scheduler_parallel_independent_rounds1,100000,2,800000,6,180,166741.900,18000000.000
scheduler_sequential_conflicting_rounds1,100000,2,800000,0,93,325794.355,9300000.000
scheduler_sequential_conflicting_rounds1,100000,2,800000,1,93,325951.613,9300000.000
scheduler_sequential_conflicting_rounds1,100000,2,800000,2,93,325567.656,9300000.000
scheduler_sequential_conflicting_rounds1,100000,2,800000,3,93,325827.957,9300000.000
scheduler_sequential_conflicting_rounds1,100000,2,800000,4,92,326341.935,9200000.000
scheduler_sequential_conflicting_rounds1,100000,2,800000,5,93,325463.710,9300000.000
scheduler_sequential_conflicting_rounds1,100000,2,800000,6,93,325559.140,9300000.000
scheduler_parallel_conflicting_rounds1,100000,2,800000,0,93,324685.935,9300000.000
scheduler_parallel_conflicting_rounds1,100000,2,800000,1,93,324052.871,9300000.000
scheduler_parallel_conflicting_rounds1,100000,2,800000,2,93,322760.753,9300000.000
scheduler_parallel_conflicting_rounds1,100000,2,800000,3,93,324551.978,9300000.000
scheduler_parallel_conflicting_rounds1,100000,2,800000,4,93,324259.860,9300000.000
scheduler_parallel_conflicting_rounds1,100000,2,800000,5,93,325323.473,9300000.000
scheduler_parallel_conflicting_rounds1,100000,2,800000,6,93,323348.118,9300000.000
scheduler_sequential_independent_rounds16,100000,2,800000,0,4,8804218.750,400000.000
scheduler_sequential_independent_rounds16,100000,2,800000,1,4,8801781.250,400000.000
scheduler_sequential_independent_rounds16,100000,2,800000,2,4,8800843.750,400000.000
scheduler_sequential_independent_rounds16,100000,2,800000,3,4,8809916.750,400000.000
scheduler_sequential_independent_rounds16,100000,2,800000,4,4,8800896.000,400000.000
scheduler_sequential_independent_rounds16,100000,2,800000,5,4,8802375.000,400000.000
scheduler_sequential_independent_rounds16,100000,2,800000,6,4,8796885.500,400000.000
scheduler_parallel_independent_rounds16,100000,2,800000,0,7,4449351.143,700000.000
scheduler_parallel_independent_rounds16,100000,2,800000,1,7,4429434.571,700000.000
scheduler_parallel_independent_rounds16,100000,2,800000,2,7,4425946.429,700000.000
scheduler_parallel_independent_rounds16,100000,2,800000,3,7,4426922.714,700000.000
scheduler_parallel_independent_rounds16,100000,2,800000,4,7,4425976.143,700000.000
scheduler_parallel_independent_rounds16,100000,2,800000,5,7,4432880.857,700000.000
scheduler_parallel_independent_rounds16,100000,2,800000,6,7,4430601.143,700000.000
scheduler_sequential_conflicting_rounds16,100000,2,800000,0,4,8641458.250,400000.000
scheduler_sequential_conflicting_rounds16,100000,2,800000,1,4,8654458.250,400000.000
scheduler_sequential_conflicting_rounds16,100000,2,800000,2,4,8683406.250,400000.000
scheduler_sequential_conflicting_rounds16,100000,2,800000,3,4,8689291.750,400000.000
scheduler_sequential_conflicting_rounds16,100000,2,800000,4,4,8622760.250,400000.000
scheduler_sequential_conflicting_rounds16,100000,2,800000,5,4,8665396.000,400000.000
scheduler_sequential_conflicting_rounds16,100000,2,800000,6,4,8694822.750,400000.000
scheduler_parallel_conflicting_rounds16,100000,2,800000,0,4,8682125.000,400000.000
scheduler_parallel_conflicting_rounds16,100000,2,800000,1,4,8665448.000,400000.000
scheduler_parallel_conflicting_rounds16,100000,2,800000,2,4,8623052.000,400000.000
scheduler_parallel_conflicting_rounds16,100000,2,800000,3,4,8647604.250,400000.000
scheduler_parallel_conflicting_rounds16,100000,2,800000,4,4,8641000.000,400000.000
scheduler_parallel_conflicting_rounds16,100000,2,800000,5,4,8685593.750,400000.000
scheduler_parallel_conflicting_rounds16,100000,2,800000,6,4,8640666.750,400000.000
scheduler_sequential_independent_rounds1,0,4,0,0,1319149,22.744,0.000
scheduler_sequential_independent_rounds1,0,4,0,1,1317319,22.774,0.000
scheduler_sequential_independent_rounds1,0,4,0,2,1317509,22.770,0.000
scheduler_sequential_independent_rounds1,0,4,0,3,1320393,22.726,0.000
scheduler_sequential_independent_rounds1,0,4,0,4,1330032,22.556,0.000
scheduler_sequential_independent_rounds1,0,4,0,5,1321996,22.693,0.000
scheduler_sequential_independent_rounds1,0,4,0,6,1315481,22.805,0.000
scheduler_parallel_independent_rounds1,0,4,0,0,14923,2010.406,0.000
scheduler_parallel_independent_rounds1,0,4,0,1,14708,2039.732,0.000
scheduler_parallel_independent_rounds1,0,4,0,2,16472,1821.346,0.000
scheduler_parallel_independent_rounds1,0,4,0,3,19861,1510.615,0.000
scheduler_parallel_independent_rounds1,0,4,0,4,20136,1489.981,0.000
scheduler_parallel_independent_rounds1,0,4,0,5,21009,1428.104,0.000
scheduler_parallel_independent_rounds1,0,4,0,6,20039,1497.110,0.000
scheduler_sequential_conflicting_rounds1,0,4,0,0,1318028,22.761,0.000
scheduler_sequential_conflicting_rounds1,0,4,0,1,1311833,22.869,0.000
scheduler_sequential_conflicting_rounds1,0,4,0,2,1319317,22.739,0.000
scheduler_sequential_conflicting_rounds1,0,4,0,3,1323062,22.675,0.000
scheduler_sequential_conflicting_rounds1,0,4,0,4,1329357,22.567,0.000
scheduler_sequential_conflicting_rounds1,0,4,0,5,1323256,22.671,0.000
scheduler_sequential_conflicting_rounds1,0,4,0,6,1331718,22.527,0.000
scheduler_parallel_conflicting_rounds1,0,4,0,0,1064208,28.190,0.000
scheduler_parallel_conflicting_rounds1,0,4,0,1,1059850,28.306,0.000
scheduler_parallel_conflicting_rounds1,0,4,0,2,1052385,28.507,0.000
scheduler_parallel_conflicting_rounds1,0,4,0,3,1048329,28.617,0.000
scheduler_parallel_conflicting_rounds1,0,4,0,4,1062262,28.242,0.000
scheduler_parallel_conflicting_rounds1,0,4,0,5,1071072,28.009,0.000
scheduler_parallel_conflicting_rounds1,0,4,0,6,1068977,28.064,0.000
scheduler_sequential_independent_rounds16,0,4,0,0,1331013,22.539,0.000
scheduler_sequential_independent_rounds16,0,4,0,1,1328944,22.574,0.000
scheduler_sequential_independent_rounds16,0,4,0,2,1330904,22.541,0.000
scheduler_sequential_independent_rounds16,0,4,0,3,1319192,22.741,0.000
scheduler_sequential_independent_rounds16,0,4,0,4,1319608,22.734,0.000
scheduler_sequential_independent_rounds16,0,4,0,5,1316079,22.795,0.000
scheduler_sequential_independent_rounds16,0,4,0,6,1313274,22.844,0.000
scheduler_parallel_independent_rounds16,0,4,0,0,20970,1430.713,0.000
scheduler_parallel_independent_rounds16,0,4,0,1,19522,1536.800,0.000
scheduler_parallel_independent_rounds16,0,4,0,2,19733,1520.319,0.000
scheduler_parallel_independent_rounds16,0,4,0,3,19266,1557.173,0.000
scheduler_parallel_independent_rounds16,0,4,0,4,18991,1579.772,0.000
scheduler_parallel_independent_rounds16,0,4,0,5,20280,1479.308,0.000
scheduler_parallel_independent_rounds16,0,4,0,6,32097,934.669,0.000
scheduler_sequential_conflicting_rounds16,0,4,0,0,1324372,22.652,0.000
scheduler_sequential_conflicting_rounds16,0,4,0,1,1327041,22.607,0.000
scheduler_sequential_conflicting_rounds16,0,4,0,2,1324574,22.649,0.000
scheduler_sequential_conflicting_rounds16,0,4,0,3,1330362,22.550,0.000
scheduler_sequential_conflicting_rounds16,0,4,0,4,1329756,22.561,0.000
scheduler_sequential_conflicting_rounds16,0,4,0,5,1328809,22.577,0.000
scheduler_sequential_conflicting_rounds16,0,4,0,6,1327263,22.603,0.000
scheduler_parallel_conflicting_rounds16,0,4,0,0,1053671,28.472,0.000
scheduler_parallel_conflicting_rounds16,0,4,0,1,1057108,28.379,0.000
scheduler_parallel_conflicting_rounds16,0,4,0,2,1050908,28.547,0.000
scheduler_parallel_conflicting_rounds16,0,4,0,3,1071946,27.986,0.000
scheduler_parallel_conflicting_rounds16,0,4,0,4,1072164,27.981,0.000
scheduler_parallel_conflicting_rounds16,0,4,0,5,1054576,28.447,0.000
scheduler_parallel_conflicting_rounds16,0,4,0,6,1029695,29.135,0.000
scheduler_sequential_independent_rounds1,1000,4,8000,0,10051,2985.006,10051000.000
scheduler_sequential_independent_rounds1,1000,4,8000,1,10123,2963.762,10123000.000
scheduler_sequential_independent_rounds1,1000,4,8000,2,10034,2990.034,10034000.000
scheduler_sequential_independent_rounds1,1000,4,8000,3,10122,2964.026,10122000.000
scheduler_sequential_independent_rounds1,1000,4,8000,4,9892,3033.015,9892000.000
scheduler_sequential_independent_rounds1,1000,4,8000,5,10051,2984.964,10051000.000
scheduler_sequential_independent_rounds1,1000,4,8000,6,9928,3021.849,9928000.000
scheduler_parallel_independent_rounds1,1000,4,8000,0,8048,3727.733,8048000.000
scheduler_parallel_independent_rounds1,1000,4,8000,1,8491,3533.300,8491000.000
scheduler_parallel_independent_rounds1,1000,4,8000,2,8269,3628.129,8269000.000
scheduler_parallel_independent_rounds1,1000,4,8000,3,8009,3746.062,8009000.000
scheduler_parallel_independent_rounds1,1000,4,8000,4,8434,3557.421,8434000.000
scheduler_parallel_independent_rounds1,1000,4,8000,5,8050,3726.765,8050000.000
scheduler_parallel_independent_rounds1,1000,4,8000,6,8088,3709.874,8088000.000
scheduler_sequential_conflicting_rounds1,1000,4,8000,0,10548,2844.236,10548000.000
scheduler_sequential_conflicting_rounds1,1000,4,8000,1,10629,2822.498,10629000.000
scheduler_sequential_conflicting_rounds1,1000,4,8000,2,10545,2845.009,10545000.000
scheduler_sequential_conflicting_rounds1,1000,4,8000,3,10532,2848.755,10532000.000
scheduler_sequential_conflicting_rounds1,1000,4,8000,4,10598,2830.872,10598000.000
scheduler_sequential_conflicting_rounds1,1000,4,8000,5,10529,2849.531,10529000.000
scheduler_sequential_conflicting_rounds1,1000,4,8000,6,10547,2844.454,10547000.000
scheduler_parallel_conflicting_rounds1,1000,4,8000,0,10549,2843.994,10549000.000
scheduler_parallel_conflicting_rounds1,1000,4,8000,1,10508,2855.071,10508000.000
scheduler_parallel_conflicting_rounds1,1000,4,8000,2,10532,2848.581,10532000.000
scheduler_parallel_conflicting_rounds1,1000,4,8000,3,10513,2853.685,10513000.000
scheduler_parallel_conflicting_rounds1,1000,4,8000,4,10526,2850.216,10526000.000
scheduler_parallel_conflicting_rounds1,1000,4,8000,5,10525,2850.586,10525000.000
scheduler_parallel_conflicting_rounds1,1000,4,8000,6,10534,2848.087,10534000.000
scheduler_sequential_independent_rounds16,1000,4,8000,0,343,87603.499,343000.000
scheduler_sequential_independent_rounds16,1000,4,8000,1,342,87817.129,342000.000
scheduler_sequential_independent_rounds16,1000,4,8000,2,342,87894.006,342000.000
scheduler_sequential_independent_rounds16,1000,4,8000,3,343,87680.758,343000.000
scheduler_sequential_independent_rounds16,1000,4,8000,4,342,87764.985,342000.000
scheduler_sequential_independent_rounds16,1000,4,8000,5,342,87725.632,342000.000
scheduler_sequential_independent_rounds16,1000,4,8000,6,343,87704.204,343000.000
scheduler_parallel_independent_rounds16,1000,4,8000,0,943,31828.561,943000.000
scheduler_parallel_independent_rounds16,1000,4,8000,1,947,31682.067,947000.000
scheduler_parallel_independent_rounds16,1000,4,8000,2,1100,27306.439,1100000.000
scheduler_parallel_independent_rounds16,1000,4,8000,3,928,32331.762,928000.000
scheduler_parallel_independent_rounds16,1000,4,8000,4,1069,28082.048,1069000.000
scheduler_parallel_independent_rounds16,1000,4,8000,5,972,30874.528,972000.000
scheduler_parallel_independent_rounds16,1000,4,8000,6,978,30708.461,978000.000
scheduler_sequential_conflicting_rounds16,1000,4,8000,0,348,86415.230,348000.000
scheduler_sequential_conflicting_rounds16,1000,4,8000,1,347,86494.836,347000.000
scheduler_sequential_conflicting_rounds16,1000,4,8000,2,347,86515.729,347000.000
scheduler_sequential_conflicting_rounds16,1000,4,8000,3,347,86558.357,347000.000
scheduler_sequential_conflicting_rounds16,1000,4,8000,4,347,86468.902,347000.000
scheduler_sequential_conflicting_rounds16,1000,4,8000,5,349,86111.748,349000.000
scheduler_sequential_conflicting_rounds16,1000,4,8000,6,349,86196.871,349000.000
scheduler_parallel_conflicting_rounds16,1000,4,8000,0,348,86228.569,348000.000
scheduler_parallel_conflicting_rounds16,1000,4,8000,1,349,86061.009,349000.000
scheduler_parallel_conflicting_rounds16,1000,4,8000,2,347,86529.778,347000.000
scheduler_parallel_conflicting_rounds16,1000,4,8000,3,347,86488.112,347000.000
scheduler_parallel_conflicting_rounds16,1000,4,8000,4,348,86318.486,348000.000
scheduler_parallel_conflicting_rounds16,1000,4,8000,5,349,86143.146,349000.000
scheduler_parallel_conflicting_rounds16,1000,4,8000,6,348,86215.040,348000.000
scheduler_sequential_independent_rounds1,10000,4,80000,0,920,32611.232,9200000.000
scheduler_sequential_independent_rounds1,10000,4,80000,1,920,32620.154,9200000.000
scheduler_sequential_independent_rounds1,10000,4,80000,2,920,32614.448,9200000.000
scheduler_sequential_independent_rounds1,10000,4,80000,3,915,32788.207,9150000.000
scheduler_sequential_independent_rounds1,10000,4,80000,4,921,32597.448,9210000.000
scheduler_sequential_independent_rounds1,10000,4,80000,5,921,32601.159,9210000.000
scheduler_sequential_independent_rounds1,10000,4,80000,6,919,32645.493,9190000.000
scheduler_parallel_independent_rounds1,10000,4,80000,0,2251,13334.647,22510000.000
scheduler_parallel_independent_rounds1,10000,4,80000,1,2085,14388.549,20850000.000
scheduler_parallel_independent_rounds1,10000,4,80000,2,2004,14970.663,20040000.000
scheduler_parallel_independent_rounds1,10000,4,80000,3,2001,14997.001,20010000.000
scheduler_parallel_independent_rounds1,10000,4,80000,4,2011,14919.774,20110000.000
scheduler_parallel_independent_rounds1,10000,4,80000,5,2077,14448.544,20770000.000
scheduler_parallel_independent_rounds1,10000,4,80000,6,1968,15246.654,19680000.000
scheduler_sequential_conflicting_rounds1,10000,4,80000,0,911,32934.001,9110000.000
scheduler_sequential_conflicting_rounds1,10000,4,80000,1,909,33024.661,9090000.000
scheduler_sequential_conflicting_rounds1,10000,4,80000,2,908,33053.001,9080000.000
scheduler_sequential_conflicting_rounds1,10000,4,80000,3,910,32986.585,9100000.000
scheduler_sequential_conflicting_rounds1,10000,4,80000,4,908,33041.895,9080000.000
scheduler_sequential_conflicting_rounds1,10000,4,80000,5,910,32991.301,9100000.000
scheduler_sequential_conflicting_rounds1,10000,4,80000,6,908,33067.273,9080000.000
scheduler_parallel_conflicting_rounds1,10000,4,80000,0,925,32455.451,9250000.000
scheduler_parallel_conflicting_rounds1,10000,4,80000,1,925,32446.351,9250000.000
scheduler_parallel_conflicting_rounds1,10000,4,80000,2,922,32545.055,9220000.000
scheduler_parallel_conflicting_rounds1,10000,4,80000,3,923,32517.245,9230000.000
scheduler_parallel_conflicting_rounds1,10000,4,80000,4,920,32611.957,9200000.000
scheduler_parallel_conflicting_rounds1,10000,4,80000,5,924,32468.119,9240000.000
scheduler_parallel_conflicting_rounds1,10000,4,80000,6,924,32485.075,9240000.000
scheduler_sequential_independent_rounds16,10000,4,80000,0,35,877300.000,350000.000
scheduler_sequential_independent_rounds16,10000,4,80000,1,33,920011.364,330000.000
scheduler_sequential_independent_rounds16,10000,4,80000,2,35,880021.429,350000.000
scheduler_sequential_independent_rounds16,10000,4,80000,3,35,878817.857,350000.000
scheduler_sequential_independent_rounds16,10000,4,80000,4,35,881145.229,350000.000
scheduler_sequential_independent_rounds16,10000,4,80000,5,35,879740.457,350000.000
scheduler_sequential_independent_rounds16,10000,4,80000,6,35,877969.057,350000.000
scheduler_parallel_independent_rounds16,10000,4,80000,0,106,285004.321,1060000.000
scheduler_parallel_independent_rounds16,10000,4,80000,1,110,274080.682,1100000.000
scheduler_parallel_independent_rounds16,10000,4,80000,2,118,254855.932,1180000.000
scheduler_parallel_independent_rounds16,10000,4,80000,3,107,282203.271,1070000.000
scheduler_parallel_independent_rounds16,10000,4,80000,4,109,277469.798,1090000.000
scheduler_parallel_independent_rounds16,10000,4,80000,5,98,308675.592,980000.000
scheduler_parallel_independent_rounds16,10000,4,80000,6,116,259817.172,1160000.000
scheduler_sequential_conflicting_rounds16,10000,4,80000,0,35,864930.943,350000.000
scheduler_sequential_conflicting_rounds16,10000,4,80000,1,35,864651.200,350000.000
scheduler_sequential_conflicting_rounds16,10000,4,80000,2,35,864500.000,350000.000
scheduler_sequential_conflicting_rounds16,10000,4,80000,3,35,864713.086,350000.000
scheduler_sequential_conflicting_rounds16,10000,4,80000,4,35,864180.971,350000.000
scheduler_sequential_conflicting_rounds16,10000,4,80000,5,35,864660.714,350000.000
scheduler_sequential_conflicting_rounds16,10000,4,80000,6,35,865007.143,350000.000
scheduler_parallel_conflicting_rounds16,10000,4,80000,0,35,864644.057,350000.000
scheduler_parallel_conflicting_rounds16,10000,4,80000,1,35,865455.971,350000.000
scheduler_parallel_conflicting_rounds16,10000,4,80000,2,35,865501.171,350000.000
scheduler_parallel_conflicting_rounds16,10000,4,80000,3,35,864334.514,350000.000
scheduler_parallel_conflicting_rounds16,10000,4,80000,4,35,864173.800,350000.000
scheduler_parallel_conflicting_rounds16,10000,4,80000,5,35,865066.686,350000.000
scheduler_parallel_conflicting_rounds16,10000,4,80000,6,35,864773.829,350000.000
scheduler_sequential_independent_rounds1,100000,4,800000,0,93,325898.301,9300000.000
scheduler_sequential_independent_rounds1,100000,4,800000,1,92,328081.065,9200000.000
scheduler_sequential_independent_rounds1,100000,4,800000,2,92,326292.576,9200000.000
scheduler_sequential_independent_rounds1,100000,4,800000,3,92,326127.717,9200000.000
scheduler_sequential_independent_rounds1,100000,4,800000,4,92,327055.707,9200000.000
scheduler_sequential_independent_rounds1,100000,4,800000,5,93,325827.516,9300000.000
scheduler_sequential_independent_rounds1,100000,4,800000,6,92,327494.565,9200000.000
scheduler_parallel_independent_rounds1,100000,4,800000,0,305,98498.361,30500000.000
scheduler_parallel_independent_rounds1,100000,4,800000,1,315,95353.308,31500000.000
scheduler_parallel_independent_rounds1,100000,4,800000,2,314,95551.220,31400000.000
scheduler_parallel_independent_rounds1,100000,4,800000,3,332,90390.437,33200000.000
scheduler_parallel_independent_rounds1,100000,4,800000,4,307,97771.987,30700000.000
scheduler_parallel_independent_rounds1,100000,4,800000,5,291,103492.698,29100000.000
scheduler_parallel_independent_rounds1,100000,4,800000,6,287,104563.735,28700000.000
scheduler_sequential_conflicting_rounds1,100000,4,800000,0,92,326447.011,9200000.000
scheduler_sequential_conflicting_rounds1,100000,4,800000,1,92,326447.011,9200000.000
scheduler_sequential_conflicting_rounds1,100000,4,800000,2,93,325988.806,9300000.000
scheduler_sequential_conflicting_rounds1,100000,4,800000,3,93,325313.172,9300000.000
scheduler_sequential_conflicting_rounds1,100000,4,800000,4,93,326055.108,9300000.000
scheduler_sequential_conflicting_rounds1,100000,4,800000,5,93,325481.634,9300000.000
scheduler_sequential_conflicting_rounds1,100000,4,800000,6,93,325143.817,9300000.000
scheduler_parallel_conflicting_rounds1,100000,4,800000,0,93,324693.548,9300000.000
scheduler_parallel_conflicting_rounds1,100000,4,800000,1,93,324399.645,9300000.000
scheduler_parallel_conflicting_rounds1,100000,4,800000,2,92,329473.283,9200000.000
scheduler_parallel_conflicting_rounds1,100000,4,800000,3,93,323515.677,9300000.000
scheduler_parallel_conflicting_rounds1,100000,4,800000,4,93,323461.022,9300000.000
scheduler_parallel_conflicting_rounds1,100000,4,800000,5,93,325474.462,9300000.000
scheduler_parallel_conflicting_rounds1,100000,4,800000,6,93,324347.677,9300000.000
scheduler_sequential_independent_rounds16,100000,4,800000,0,4,8804677.000,400000.000
scheduler_sequential_independent_rounds16,100000,4,800000,1,4,8805729.250,400000.000
scheduler_sequential_independent_rounds16,100000,4,800000,2,4,8807791.750,400000.000
scheduler_sequential_independent_rounds16,100000,4,800000,3,4,8793187.500,400000.000
scheduler_sequential_independent_rounds16,100000,4,800000,4,4,8807000.000,400000.000
scheduler_sequential_independent_rounds16,100000,4,800000,5,4,9147718.750,400000.000
scheduler_sequential_independent_rounds16,100000,4,800000,6,4,8818427.000,400000.000
scheduler_parallel_independent_rounds16,100000,4,800000,0,11,2736905.364,1100000.000
scheduler_parallel_independent_rounds16,100000,4,800000,1,11,2906208.273,1100000.000
scheduler_parallel_independent_rounds16,100000,4,800000,2,10,3113375.000,1000000.000
scheduler_parallel_independent_rounds16,100000,4,800000,3,11,2966765.182,1100000.000
scheduler_parallel_independent_rounds16,100000,4,800000,4,11,2923666.727,1100000.000
scheduler_parallel_independent_rounds16,100000,4,800000,5,11,2840185.636,1100000.000
scheduler_parallel_independent_rounds16,100000,4,800000,6,11,2939757.545,1100000.000
scheduler_sequential_conflicting_rounds16,100000,4,800000,0,4,8662635.500,400000.000
scheduler_sequential_conflicting_rounds16,100000,4,800000,1,4,8628437.500,400000.000
scheduler_sequential_conflicting_rounds16,100000,4,800000,2,4,8657489.500,400000.000
scheduler_sequential_conflicting_rounds16,100000,4,800000,3,4,8719021.000,400000.000
scheduler_sequential_conflicting_rounds16,100000,4,800000,4,4,8818000.000,400000.000
scheduler_sequential_conflicting_rounds16,100000,4,800000,5,4,9988875.000,400000.000
scheduler_sequential_conflicting_rounds16,100000,4,800000,6,4,8771562.500,400000.000
scheduler_parallel_conflicting_rounds16,100000,4,800000,0,4,8743927.000,400000.000
scheduler_parallel_conflicting_rounds16,100000,4,800000,1,4,8831573.000,400000.000
scheduler_parallel_conflicting_rounds16,100000,4,800000,2,4,8853729.250,400000.000
scheduler_parallel_conflicting_rounds16,100000,4,800000,3,4,8699895.750,400000.000
scheduler_parallel_conflicting_rounds16,100000,4,800000,4,4,8681635.500,400000.000
scheduler_parallel_conflicting_rounds16,100000,4,800000,5,4,8690093.750,400000.000
scheduler_parallel_conflicting_rounds16,100000,4,800000,6,4,8691770.750,400000.000
scheduler_sequential_independent_rounds1,0,8,0,0,1314771,22.818,0.000
scheduler_sequential_independent_rounds1,0,8,0,1,1317502,22.770,0.000
scheduler_sequential_independent_rounds1,0,8,0,2,1319255,22.740,0.000
scheduler_sequential_independent_rounds1,0,8,0,3,1318479,22.753,0.000
scheduler_sequential_independent_rounds1,0,8,0,4,1313817,22.834,0.000
scheduler_sequential_independent_rounds1,0,8,0,5,1310562,22.891,0.000
scheduler_sequential_independent_rounds1,0,8,0,6,1309708,22.906,0.000
scheduler_parallel_independent_rounds1,0,8,0,0,29055,1032.535,0.000
scheduler_parallel_independent_rounds1,0,8,0,1,26917,1114.644,0.000
scheduler_parallel_independent_rounds1,0,8,0,2,32507,922.887,0.000
scheduler_parallel_independent_rounds1,0,8,0,3,28253,1061.861,0.000
scheduler_parallel_independent_rounds1,0,8,0,4,18131,1654.719,0.000
scheduler_parallel_independent_rounds1,0,8,0,5,13123,2286.193,0.000
scheduler_parallel_independent_rounds1,0,8,0,6,13458,2229.269,0.000
scheduler_sequential_conflicting_rounds1,0,8,0,0,1311189,22.880,0.000
scheduler_sequential_conflicting_rounds1,0,8,0,1,1312408,22.859,0.000
scheduler_sequential_conflicting_rounds1,0,8,0,2,1313308,22.843,0.000
scheduler_sequential_conflicting_rounds1,0,8,0,3,1313411,22.841,0.000
scheduler_sequential_conflicting_rounds1,0,8,0,4,1314335,22.825,0.000
scheduler_sequential_conflicting_rounds1,0,8,0,5,1319476,22.736,0.000
scheduler_sequential_conflicting_rounds1,0,8,0,6,1315532,22.804,0.000
scheduler_parallel_conflicting_rounds1,0,8,0,0,1064621,28.179,0.000
scheduler_parallel_conflicting_rounds1,0,8,0,1,1067297,28.108,0.000
scheduler_parallel_conflicting_rounds1,0,8,0,2,1066263,28.136,0.000
scheduler_parallel_conflicting_rounds1,0,8,0,3,1065887,28.146,0.000
scheduler_parallel_conflicting_rounds1,0,8,0,4,1056352,28.400,0.000
scheduler_parallel_conflicting_rounds1,0,8,0,5,1049482,28.586,0.000
scheduler_parallel_conflicting_rounds1,0,8,0,6,1037838,28.906,0.000
scheduler_sequential_independent_rounds16,0,8,0,0,1321011,22.710,0.000
scheduler_sequential_independent_rounds16,0,8,0,1,1312166,22.863,0.000
scheduler_sequential_independent_rounds16,0,8,0,2,1322297,22.688,0.000
scheduler_sequential_independent_rounds16,0,8,0,3,1315205,22.810,0.000
scheduler_sequential_independent_rounds16,0,8,0,4,1314961,22.814,0.000
scheduler_sequential_independent_rounds16,0,8,0,5,1319167,22.742,0.000
scheduler_sequential_independent_rounds16,0,8,0,6,1317751,22.766,0.000
scheduler_parallel_independent_rounds16,0,8,0,0,13262,2262.131,0.000
scheduler_parallel_independent_rounds16,0,8,0,1,12324,2434.329,0.000
scheduler_parallel_independent_rounds16,0,8,0,2,13168,2278.272,0.000
scheduler_parallel_independent_rounds16,0,8,0,3,12742,2354.520,0.000
scheduler_parallel_independent_rounds16,0,8,0,4,12730,2356.700,0.000
scheduler_parallel_independent_rounds16,0,8,0,5,13290,2257.371,0.000
scheduler_parallel_independent_rounds16,0,8,0,6,13188,2274.950,0.000
scheduler_sequential_conflicting_rounds16,0,8,0,0,1304950,22.989,0.000
scheduler_sequential_conflicting_rounds16,0,8,0,1,1307993,22.936,0.000
scheduler_sequential_conflicting_rounds16,0,8,0,2,1307563,22.943,0.000
scheduler_sequential_conflicting_rounds16,0,8,0,3,1314541,22.822,0.000
scheduler_sequential_conflicting_rounds16,0,8,0,4,1314799,22.817,0.000
scheduler_sequential_conflicting_rounds16,0,8,0,5,1300305,23.072,0.000
scheduler_sequential_conflicting_rounds16,0,8,0,6,1288192,23.288,0.000
scheduler_parallel_conflicting_rounds16,0,8,0,0,1041119,28.815,0.000
scheduler_parallel_conflicting_rounds16,0,8,0,1,833230,36.004,0.000
scheduler_parallel_conflicting_rounds16,0,8,0,2,763090,39.314,0.000
scheduler_parallel_conflicting_rounds16,0,8,0,3,555955,53.961,0.000
scheduler_parallel_conflicting_rounds16,0,8,0,4,664914,45.119,0.000
scheduler_parallel_conflicting_rounds16,0,8,0,5,725721,41.338,0.000
scheduler_parallel_conflicting_rounds16,0,8,0,6,755934,39.686,0.000
scheduler_sequential_independent_rounds1,1000,8,8000,0,6446,4654.308,6446000.000
scheduler_sequential_independent_rounds1,1000,8,8000,1,4183,7172.075,4183000.000
scheduler_sequential_independent_rounds1,1000,8,8000,2,5690,5272.532,5690000.000
scheduler_sequential_independent_rounds1,1000,8,8000,3,8453,3549.297,8453000.000
scheduler_sequential_independent_rounds1,1000,8,8000,4,8280,3623.435,8280000.000
scheduler_sequential_independent_rounds1,1000,8,8000,5,9396,3193.101,9396000.000
scheduler_sequential_independent_rounds1,1000,8,8000,6,9380,3198.325,9380000.000
scheduler_parallel_independent_rounds1,1000,8,8000,0,4020,7464.013,4020000.000
scheduler_parallel_independent_rounds1,1000,8,8000,1,6067,4945.243,6067000.000
scheduler_parallel_independent_rounds1,1000,8,8000,2,6700,4477.687,6700000.000
scheduler_parallel_independent_rounds1,1000,8,8000,3,7194,4170.455,7194000.000
scheduler_parallel_independent_rounds1,1000,8,8000,4,7256,4134.808,7256000.000
scheduler_parallel_independent_rounds1,1000,8,8000,5,7347,4083.651,7347000.000
scheduler_parallel_independent_rounds1,1000,8,8000,6,7198,4168.189,7198000.000
scheduler_sequential_conflicting_rounds1,1000,8,8000,0,10486,2861.132,10486000.000
scheduler_sequential_conflicting_rounds1,1000,8,8000,1,10540,2846.304,10540000.000
scheduler_sequential_conflicting_rounds1,1000,8,8000,2,10554,2842.591,10554000.000
scheduler_sequential_conflicting_rounds1,1000,8,8000,3,10563,2840.370,10563000.000
scheduler_sequential_conflicting_rounds1,1000,8,8000,4,10587,2833.684,10587000.000
scheduler_sequential_conflicting_rounds1,1000,8,8000,5,10625,2823.792,10625000.000
scheduler_sequential_conflicting_rounds1,1000,8,8000,6,10574,2837.353,10574000.000
scheduler_parallel_conflicting_rounds1,1000,8,8000,0,10542,2845.961,10542000.000
scheduler_parallel_conflicting_rounds1,1000,8,8000,1,10520,2851.802,10520000.000
scheduler_parallel_conflicting_rounds1,1000,8,8000,2,10526,2850.133,10526000.000
scheduler_parallel_conflicting_rounds1,1000,8,8000,3,10530,2849.145,10530000.000
scheduler_parallel_conflicting_rounds1,1000,8,8000,4,10585,2834.345,10585000.000
scheduler_parallel_conflicting_rounds1,1000,8,8000,5,10612,2827.145,10612000.000
scheduler_parallel_conflicting_rounds1,1000,8,8000,6,10385,2888.946,10385000.000
scheduler_sequential_independent_rounds16,1000,8,8000,0,342,87783.503,342000.000
scheduler_sequential_independent_rounds16,1000,8,8000,1,343,87669.825,343000.000
scheduler_sequential_independent_rounds16,1000,8,8000,2,343,87684.525,343000.000
scheduler_sequential_independent_rounds16,1000,8,8000,3,342,87720.152,342000.000
scheduler_sequential_independent_rounds16,1000,8,8000,4,343,87623.055,343000.000
scheduler_sequential_independent_rounds16,1000,8,8000,5,343,87664.965,343000.000
scheduler_sequential_independent_rounds16,1000,8,8000,6,343,87560.615,343000.000
scheduler_parallel_independent_rounds16,1000,8,8000,0,1030,29131.432,1030000.000
scheduler_parallel_independent_rounds16,1000,8,8000,1,1078,27850.108,1078000.000
scheduler_parallel_independent_rounds16,1000,8,8000,2,1075,27911.007,1075000.000
scheduler_parallel_independent_rounds16,1000,8,8000,3,1062,28264.948,1062000.000
scheduler_parallel_independent_rounds16,1000,8,8000,4,1067,28123.321,1067000.000
scheduler_parallel_independent_rounds16,1000,8,8000,5,1069,28085.906,1069000.000
scheduler_parallel_independent_rounds16,1000,8,8000,6,1089,27562.978,1089000.000
scheduler_sequential_conflicting_rounds16,1000,8,8000,0,349,86051.817,349000.000
scheduler_sequential_conflicting_rounds16,1000,8,8000,1,349,86186.484,349000.000
scheduler_sequential_conflicting_rounds16,1000,8,8000,2,349,86114.851,349000.000
scheduler_sequential_conflicting_rounds16,1000,8,8000,3,349,86071.871,349000.000
scheduler_sequential_conflicting_rounds16,1000,8,8000,4,349,86066.140,349000.000
scheduler_sequential_conflicting_rounds16,1000,8,8000,5,349,86126.074,349000.000
scheduler_sequential_conflicting_rounds16,1000,8,8000,6,349,86068.768,349000.000
scheduler_parallel_conflicting_rounds16,1000,8,8000,0,348,86395.353,348000.000
scheduler_parallel_conflicting_rounds16,1000,8,8000,1,348,86330.580,348000.000
scheduler_parallel_conflicting_rounds16,1000,8,8000,2,349,86198.186,349000.000
scheduler_parallel_conflicting_rounds16,1000,8,8000,3,348,86306.273,348000.000
scheduler_parallel_conflicting_rounds16,1000,8,8000,4,347,86573.847,347000.000
scheduler_parallel_conflicting_rounds16,1000,8,8000,5,347,86474.784,347000.000
scheduler_parallel_conflicting_rounds16,1000,8,8000,6,348,86420.379,348000.000
scheduler_sequential_independent_rounds1,10000,8,80000,0,915,32791.485,9150000.000
scheduler_sequential_independent_rounds1,10000,8,80000,1,921,32587.948,9210000.000
scheduler_sequential_independent_rounds1,10000,8,80000,2,922,32556.806,9220000.000
scheduler_sequential_independent_rounds1,10000,8,80000,3,920,32626.948,9200000.000
scheduler_sequential_independent_rounds1,10000,8,80000,4,920,32625.589,9200000.000
scheduler_sequential_independent_rounds1,10000,8,80000,5,920,32613.315,9200000.000
scheduler_sequential_independent_rounds1,10000,8,80000,6,918,32681.236,9180000.000
scheduler_parallel_independent_rounds1,10000,8,80000,0,2155,13922.738,21550000.000
scheduler_parallel_independent_rounds1,10000,8,80000,1,2165,13858.891,21650000.000
scheduler_parallel_independent_rounds1,10000,8,80000,2,2179,13776.981,21790000.000
scheduler_parallel_independent_rounds1,10000,8,80000,3,2192,13690.618,21920000.000
scheduler_parallel_independent_rounds1,10000,8,80000,4,2163,13871.417,21630000.000
scheduler_parallel_independent_rounds1,10000,8,80000,5,2169,13833.621,21690000.000
scheduler_parallel_independent_rounds1,10000,8,80000,6,2122,14143.732,21220000.000
scheduler_sequential_conflicting_rounds1,10000,8,80000,0,906,33125.506,9060000.000
scheduler_sequential_conflicting_rounds1,10000,8,80000,1,910,32999.634,9100000.000
scheduler_sequential_conflicting_rounds1,10000,8,80000,2,909,33004.675,9090000.000
scheduler_sequential_conflicting_rounds1,10000,8,80000,3,908,33061.858,9080000.000
scheduler_sequential_conflicting_rounds1,10000,8,80000,4,910,32972.573,9100000.000
scheduler_sequential_conflicting_rounds1,10000,8,80000,5,910,32997.162,9100000.000
scheduler_sequential_conflicting_rounds1,10000,8,80000,6,910,32978.571,9100000.000
scheduler_parallel_conflicting_rounds1,10000,8,80000,0,923,32514.039,9230000.000
scheduler_parallel_conflicting_rounds1,10000,8,80000,1,924,32499.640,9240000.000
scheduler_parallel_conflicting_rounds1,10000,8,80000,2,925,32443.063,9250000.000
scheduler_parallel_conflicting_rounds1,10000,8,80000,3,926,32429.401,9260000.000
scheduler_parallel_conflicting_rounds1,10000,8,80000,4,924,32468.660,9240000.000
scheduler_parallel_conflicting_rounds1,10000,8,80000,5,925,32454.459,9250000.000
scheduler_parallel_conflicting_rounds1,10000,8,80000,6,918,32697.168,9180000.000
scheduler_sequential_independent_rounds16,10000,8,80000,0,35,878570.257,350000.000
scheduler_sequential_independent_rounds16,10000,8,80000,1,35,878769.057,350000.000
scheduler_sequential_independent_rounds16,10000,8,80000,2,35,879258.343,350000.000
scheduler_sequential_independent_rounds16,10000,8,80000,3,35,878420.257,350000.000
scheduler_sequential_independent_rounds16,10000,8,80000,4,35,880258.343,350000.000
scheduler_sequential_independent_rounds16,10000,8,80000,5,35,878759.514,350000.000
scheduler_sequential_independent_rounds16,10000,8,80000,6,35,878954.771,350000.000
scheduler_parallel_independent_rounds16,10000,8,80000,0,127,237854.661,1270000.000
scheduler_parallel_independent_rounds16,10000,8,80000,1,118,255033.542,1180000.000
scheduler_parallel_independent_rounds16,10000,8,80000,2,115,261121.374,1150000.000
scheduler_parallel_independent_rounds16,10000,8,80000,3,116,259925.293,1160000.000
scheduler_parallel_independent_rounds16,10000,8,80000,4,115,261792.391,1150000.000
scheduler_parallel_independent_rounds16,10000,8,80000,5,116,260498.207,1160000.000
scheduler_parallel_independent_rounds16,10000,8,80000,6,116,260381.828,1160000.000
scheduler_sequential_conflicting_rounds16,10000,8,80000,0,35,863871.429,350000.000
scheduler_sequential_conflicting_rounds16,10000,8,80000,1,35,864405.943,350000.000
scheduler_sequential_conflicting_rounds16,10000,8,80000,2,35,863910.714,350000.000
scheduler_sequential_conflicting_rounds16,10000,8,80000,3,35,863677.400,350000.000
scheduler_sequential_conflicting_rounds16,10000,8,80000,4,35,864535.714,350000.000
scheduler_sequential_conflicting_rounds16,10000,8,80000,5,35,864809.543,350000.000
scheduler_sequential_conflicting_rounds16,10000,8,80000,6,35,866391.657,350000.000
scheduler_parallel_conflicting_rounds16,10000,8,80000,0,35,864483.343,350000.000
scheduler_parallel_conflicting_rounds16,10000,8,80000,1,35,864819.029,350000.000
scheduler_parallel_conflicting_rounds16,10000,8,80000,2,35,864563.114,350000.000
scheduler_parallel_conflicting_rounds16,10000,8,80000,3,35,864971.429,350000.000
scheduler_parallel_conflicting_rounds16,10000,8,80000,4,35,870273.829,350000.000
scheduler_parallel_conflicting_rounds16,10000,8,80000,5,35,872811.886,350000.000
scheduler_parallel_conflicting_rounds16,10000,8,80000,6,35,867633.314,350000.000
scheduler_sequential_independent_rounds1,100000,8,800000,0,92,326409.424,9200000.000
scheduler_sequential_independent_rounds1,100000,8,800000,1,93,325334.226,9300000.000
scheduler_sequential_independent_rounds1,100000,8,800000,2,93,325214.161,9300000.000
scheduler_sequential_independent_rounds1,100000,8,800000,3,92,326280.337,9200000.000
scheduler_sequential_independent_rounds1,100000,8,800000,4,92,326180.707,9200000.000
scheduler_sequential_independent_rounds1,100000,8,800000,5,93,325316.753,9300000.000
scheduler_sequential_independent_rounds1,100000,8,800000,6,92,327412.598,9200000.000
scheduler_parallel_independent_rounds1,100000,8,800000,0,259,116143.985,25900000.000
scheduler_parallel_independent_rounds1,100000,8,800000,1,243,123627.230,24300000.000
scheduler_parallel_independent_rounds1,100000,8,800000,2,231,130357.143,23100000.000
scheduler_parallel_independent_rounds1,100000,8,800000,3,234,128664.175,23400000.000
scheduler_parallel_independent_rounds1,100000,8,800000,4,237,126660.160,23700000.000
scheduler_parallel_independent_rounds1,100000,8,800000,5,229,131543.306,22900000.000
scheduler_parallel_independent_rounds1,100000,8,800000,6,227,132552.128,22700000.000
scheduler_sequential_conflicting_rounds1,100000,8,800000,0,92,328116.848,9200000.000
scheduler_sequential_conflicting_rounds1,100000,8,800000,1,92,326360.054,9200000.000
scheduler_sequential_conflicting_rounds1,100000,8,800000,2,93,323945.785,9300000.000
scheduler_sequential_conflicting_rounds1,100000,8,800000,3,92,326754.076,9200000.000
scheduler_sequential_conflicting_rounds1,100000,8,800000,4,93,325217.290,9300000.000
scheduler_sequential_conflicting_rounds1,100000,8,800000,5,93,325732.086,9300000.000
scheduler_sequential_conflicting_rounds1,100000,8,800000,6,93,325219.538,9300000.000
scheduler_parallel_conflicting_rounds1,100000,8,800000,0,93,324467.742,9300000.000
scheduler_parallel_conflicting_rounds1,100000,8,800000,1,93,324212.817,9300000.000
scheduler_parallel_conflicting_rounds1,100000,8,800000,2,93,323529.129,9300000.000
scheduler_parallel_conflicting_rounds1,100000,8,800000,3,93,323742.828,9300000.000
scheduler_parallel_conflicting_rounds1,100000,8,800000,4,93,323741.935,9300000.000
scheduler_parallel_conflicting_rounds1,100000,8,800000,5,93,323755.828,9300000.000
scheduler_parallel_conflicting_rounds1,100000,8,800000,6,93,324129.925,9300000.000
scheduler_sequential_independent_rounds16,100000,8,800000,0,4,8937604.000,400000.000
scheduler_sequential_independent_rounds16,100000,8,800000,1,4,8824073.000,400000.000
scheduler_sequential_independent_rounds16,100000,8,800000,2,4,8852010.250,400000.000
scheduler_sequential_independent_rounds16,100000,8,800000,3,4,8832802.000,400000.000
scheduler_sequential_independent_rounds16,100000,8,800000,4,4,8832458.250,400000.000
scheduler_sequential_independent_rounds16,100000,8,800000,5,4,8861458.500,400000.000
scheduler_sequential_independent_rounds16,100000,8,800000,6,4,8827302.000,400000.000
scheduler_parallel_independent_rounds16,100000,8,800000,0,16,1931877.625,1600000.000
scheduler_parallel_independent_rounds16,100000,8,800000,1,15,2007500.000,1500000.000
scheduler_parallel_independent_rounds16,100000,8,800000,2,17,1818598.000,1700000.000
scheduler_parallel_independent_rounds16,100000,8,800000,3,17,1866134.765,1700000.000
scheduler_parallel_independent_rounds16,100000,8,800000,4,16,1918661.438,1600000.000
scheduler_parallel_independent_rounds16,100000,8,800000,5,17,1857500.000,1700000.000
scheduler_parallel_independent_rounds16,100000,8,800000,6,16,1878750.000,1600000.000
scheduler_sequential_conflicting_rounds16,100000,8,800000,0,4,8614260.500,400000.000
scheduler_sequential_conflicting_rounds16,100000,8,800000,1,4,8638364.750,400000.000
scheduler_sequential_conflicting_rounds16,100000,8,800000,2,4,8625750.000,400000.000
scheduler_sequential_conflicting_rounds16,100000,8,800000,3,4,8654323.000,400000.000
scheduler_sequential_conflicting_rounds16,100000,8,800000,4,4,8631083.250,400000.000
scheduler_sequential_conflicting_rounds16,100000,8,800000,5,4,8680823.000,400000.000
scheduler_sequential_conflicting_rounds16,100000,8,800000,6,4,8694510.500,400000.000
scheduler_parallel_conflicting_rounds16,100000,8,800000,0,4,8635968.750,400000.000
scheduler_parallel_conflicting_rounds16,100000,8,800000,1,4,8702937.500,400000.000
scheduler_parallel_conflicting_rounds16,100000,8,800000,2,4,8643166.750,400000.000
scheduler_parallel_conflicting_rounds16,100000,8,800000,3,4,8621052.000,400000.000
scheduler_parallel_conflicting_rounds16,100000,8,800000,4,4,8654468.750,400000.000
scheduler_parallel_conflicting_rounds16,100000,8,800000,5,4,8636177.250,400000.000
scheduler_parallel_conflicting_rounds16,100000,8,800000,6,4,8645427.000,400000.000
