frame,warmup,frame_us,cpu_submit_us,slot_wait_us,completed_gpu_us,cpu_lead,in_flight,native_submission_count
0,True,29556.875,106.333,493.95799999999997,0.0,1.0,1.0,1
1,True,50901.25,87.333,11.625,0.0,2.0,2.0,1
2,True,108202.875,327.75,9.833,0.0,3.0,3.0,1
3,True,145101.75,98.542,88858.458,6991.0,1.0,1.0,1
4,True,48537.708,82.583,518.459,2299.667,1.0,1.0,1
5,False,18962.791,85.542,1506.417,1983.583,1.0,1.0,1
6,False,19499.75,622.8330000000001,1250.959,3974.4999999999995,1.0,1.0,1
7,False,17005.290999999997,212.792,497.33299999999997,5659.2919999999995,1.0,1.0,1
8,False,18658.625,88.54199999999999,457.75,5644.0,1.0,1.0,1
9,False,31086.875,91.208,442.167,5609.375,1.0,1.0,1
10,False,36142.583,88.875,1527.25,5622.0,1.0,1.0,1
11,False,14597.083,237.792,453.667,5651.375,1.0,1.0,1
12,False,17201.875,92.667,426.083,5619.25,1.0,1.0,1
13,False,13287.791000000001,91.0,828.542,5619.2919999999995,1.0,1.0,1
14,False,64856.417,100.083,2089.9170000000004,5641.3330000000005,1.0,1.0,1
15,False,17683.0,91.583,521.792,3031.7920000000004,2.0,2.0,1
16,False,26825.125,1109.0,569.083,3029.958,1.0,1.0,1
17,False,23232.209,91.042,579.792,6810.0,1.0,1.0,1
18,False,20879.375,239.459,461.25,5609.0,1.0,1.0,1
19,False,13747.916000000001,218.833,586.1669999999999,5639.4169999999995,1.0,1.0,1
20,False,30026.041999999998,318.834,1455.25,5686.333,1.0,1.0,1
21,False,21227.625,217.042,1587.709,5607.5,1.0,1.0,1
22,False,28354.0,105.833,3434.292,7966.833,1.0,1.0,1
23,False,39168.375,244.87499999999997,1754.291,5604.792,1.0,1.0,1
24,False,20319.958,855.417,1247.666,5598.75,1.0,1.0,1
25,False,22463.458,1458.041,1021.7500000000001,5655.75,1.0,1.0,1
26,False,16453.167,216.667,1459.458,5610.5,1.0,1.0,1
27,False,29088.791999999998,92.5,470.625,5693.0419999999995,1.0,1.0,1
28,False,29522.959000000003,98.20800000000001,583.75,5640.75,1.0,1.0,1
29,False,27745.708000000002,129.54199999999997,532.791,5649.5,1.0,1.0,1
30,False,34010.916000000005,121.375,1492.333,5619.917,1.0,1.0,1
31,False,14534.625,87.375,5051.75,5598.875,1.0,1.0,1
32,False,22703.916,92.08399999999999,1369.833,5608.25,1.0,1.0,1
33,False,18227.208000000002,841.3340000000001,926.7080000000001,5609.625,1.0,1.0,1
34,False,22231.042,93.792,11094.041000000001,5669.75,1.0,1.0,1
35,False,149463.45799999998,95.95899999999999,3563.625,5607.958,1.0,1.0,1
36,False,18823.5,1188.666,1483.667,5609.583,1.0,1.0,1
37,False,49057.0,219.666,10808.458,5663.875,1.0,1.0,1
38,False,17129.5,88.916,1360.875,5631.292,1.0,1.0,1
39,False,29215.125,109.5,10670.667,5628.4580000000005,1.0,1.0,1
40,False,12185.417000000001,205.958,510.95899999999995,5638.75,1.0,1.0,1
41,False,10247.875,164.417,538.1659999999999,5607.1669999999995,1.0,1.0,1
42,False,14387.583,89.042,720.542,5600.625,2.0,2.0,1
43,False,16842.125,91.542,539.083,5633.0,1.0,1.0,1
44,False,16258.833,206.458,4622.291,5678.5,1.0,1.0,1
45,False,14307.75,92.209,1515.75,5639.0,1.0,1.0,1
46,False,17731.25,93.20800000000001,3936.208,5657.0,1.0,1.0,1
47,False,20665.833000000002,201.667,514.291,5616.25,1.0,1.0,1
48,False,10183.584,88.5,454.875,5650.4169999999995,1.0,1.0,1
49,False,36026.542,89.875,512.416,5616.25,1.0,1.0,1
50,False,24276.958000000002,208.292,1686.708,5650.333,1.0,1.0,1
51,False,49465.292,95.167,1441.166,5630.7919999999995,1.0,1.0,1
52,False,16642.208,211.375,543.9159999999999,5647.375,1.0,1.0,1
53,False,53456.875,94.458,1271.959,5652.75,1.0,1.0,1
54,False,25060.875,207.0,450.91700000000003,5618.125,1.0,1.0,1
55,False,31069.875,201.334,510.417,5680.833,1.0,1.0,1
56,False,23291.375,95.79199999999999,1024.958,5642.125,1.0,1.0,1
57,False,28315.208000000002,215.75,1506.166,5625.5419999999995,1.0,1.0,1
58,False,26759.125,93.292,509.542,5717.458,1.0,1.0,1
59,False,16156.707999999999,87.375,1824.542,5625.625,1.0,1.0,1
60,False,23922.0,215.042,1247.25,5660.333,1.0,1.0,1
61,False,77460.708,220.0,1049.5420000000001,5627.667,1.0,1.0,1
62,False,16934.916,217.625,1440.2079999999999,3055.083,1.0,1.0,1
63,False,16172.291,93.5,1333.292,3090.167,1.0,1.0,1
64,False,14876.0,207.25,503.29200000000003,9004.292000000001,1.0,1.0,1
65,False,20433.291,91.959,1432.5,5666.5,1.0,1.0,1
66,False,16801.459000000003,91.459,470.54200000000003,5666.958,1.0,1.0,1
67,False,45927.083,92.542,1885.083,9101.207999999999,1.0,1.0,1
68,False,10898.292000000001,97.666,825.75,5642.25,1.0,1.0,1
69,False,17942.541,95.584,446.875,5710.4169999999995,1.0,1.0,1
70,False,17606.375,86.29100000000001,497.583,5648.75,1.0,1.0,1
71,False,12486.083999999999,89.5,922.5,5707.25,1.0,1.0,1
72,False,13198.292,89.209,448.666,5656.292,2.0,2.0,1
73,False,19814.084,97.0,5625.667,5647.4580000000005,1.0,1.0,1
74,False,25766.75,196.834,550.625,5634.0419999999995,1.0,1.0,1
75,False,18488.417,97.375,1746.625,5680.667,1.0,1.0,1
76,False,17645.125,91.834,1581.625,5658.0,1.0,1.0,1
77,False,14391.125,92.08399999999999,4533.625,5677.8330000000005,2.0,2.0,1
78,False,10401.083,88.667,443.208,5751.9169999999995,3.0,3.0,1
79,False,21839.5,90.916,2032.0410000000002,6173.75,1.0,1.0,1
80,False,52918.292,286.375,1757.083,5649.625,1.0,1.0,1
81,False,27113.083,93.667,3265.291,4249.625,1.0,1.0,1
82,False,25689.666999999998,92.709,497.54200000000003,3060.4579999999996,1.0,1.0,1
83,False,10215.208,87.042,538.458,5656.5,1.0,1.0,1
84,False,19199.792,103.75,1486.667,5645.375,1.0,1.0,1
85,False,8964.125,206.042,508.916,5646.917,1.0,1.0,1
86,False,14309.957999999999,85.0,1967.292,3079.9170000000004,1.0,1.0,1
87,False,15614.667000000001,88.54199999999999,1180.291,3052.75,1.0,1.0,1
88,False,19572.292,213.875,1845.209,3056.0,1.0,1.0,1
89,False,12306.375,91.708,1414.125,6202.9169999999995,2.0,2.0,1
90,False,7892.750000000001,82.916,399.375,3712.375,2.0,2.0,1
91,False,11426.25,90.45899999999999,800.5,4579.25,2.0,2.0,1
92,False,25249.625,207.625,1429.667,4905.167,1.0,1.0,1
93,False,22796.75,211.25,1307.875,4000.167,1.0,1.0,1
94,False,17052.334,196.0,2293.125,4828.5419999999995,1.0,1.0,1
95,False,12950.082999999999,92.791,491.29200000000003,3687.5,1.0,1.0,1
96,False,18028.667,1320.125,1528.875,3755.75,1.0,1.0,1
97,False,14148.333,93.584,541.25,3364.25,1.0,1.0,1
98,False,14427.832999999999,95.666,488.91600000000005,3339.375,1.0,1.0,1
99,False,27614.125,95.667,481.333,3736.9170000000004,1.0,1.0,1
100,False,58599.583,212.291,508.29200000000003,3995.5829999999996,1.0,1.0,1
101,False,34255.042,2726.417,1016.5840000000001,6635.4580000000005,1.0,1.0,1
102,False,67005.333,6610.417,665.042,5656.0,1.0,1.0,1
103,False,98513.91600000001,97.459,1838.875,5623.125,1.0,1.0,1
104,False,10570.5,90.625,516.25,5658.792,1.0,1.0,1
105,False,27195.708,93.20800000000001,1945.75,5651.2919999999995,1.0,1.0,1
106,False,13739.292,100.75,534.3340000000001,5639.875,1.0,1.0,1
107,False,55391.834,13781.5,523.375,5668.625,1.0,1.0,1
108,False,19820.875,201.958,710.917,5637.5,1.0,1.0,1
109,False,20414.25,199.29100000000003,1908.417,5649.5,1.0,1.0,1
110,False,34213.458,970.25,4891.417,5647.958,1.0,1.0,1
111,False,21213.375,96.541,2823.6659999999997,5748.5419999999995,1.0,1.0,1
112,False,48529.208999999995,141.708,507.167,5653.125,1.0,1.0,1
113,False,29141.791,98.791,1394.834,5657.5,1.0,1.0,1
114,False,39175.584,773.75,1360.541,5661.875,1.0,1.0,1
115,False,21163.5,89.375,549.833,5670.625,1.0,1.0,1
116,False,14471.375,78.166,498.209,5674.0,1.0,1.0,1
117,False,15877.166000000001,94.125,1411.2079999999999,5657.9580000000005,1.0,1.0,1
118,False,17599.0,93.416,1657.0,5664.625,2.0,2.0,1
119,False,22907.416999999998,101.125,1415.9579999999999,5639.75,1.0,1.0,1
120,False,17173.667,88.792,1034.875,5635.292,1.0,1.0,1
121,False,26319.958000000002,93.20800000000001,503.74999999999994,5623.708,1.0,1.0,1
122,False,29950.0,120.041,487.041,5650.583,1.0,1.0,1
123,False,51247.375,885.041,1302.167,5769.458,1.0,1.0,1
124,False,58846.083,90.917,2065.708,5649.2080000000005,1.0,1.0,1
125,False,16978.334000000003,88.125,497.95899999999995,5727.625,1.0,1.0,1
126,False,13196.084,80.75,448.04200000000003,5659.5,1.0,1.0,1
127,False,8282.875,82.583,465.66700000000003,5648.3330000000005,2.0,2.0,1
128,False,13122.417000000001,100.125,857.5,5644.0,2.0,2.0,1
129,False,11588.459,82.25,505.0,5662.708,1.0,1.0,1
