frame,warmup,frame_us,cpu_submit_us,slot_wait_us,completed_gpu_us,cpu_lead,in_flight,native_submission_count
0,True,34504.291,36.793,,,,,3
1,True,9120.167,19.581999999999997,,,,,3
2,True,8444.625,17.167,,,,,3
3,True,8153.4580000000005,13.417,,,,,3
4,True,7215.875,16.333,,,,,3
5,False,8182.5830000000005,11.542,,,,,3
6,False,6107.084,15.125,,,,,3
7,False,5944.625,11.417,,,,,3
8,False,6036.042,11.958,,,,,3
9,False,7244.375,13.042,,,,,3
10,False,6299.75,11.583,,,,,3
11,False,7314.334,11.875,,,,,3
12,False,7380.165999999999,11.999,,,,,3
13,False,7258.5,10.917000000000002,,,,,3
14,False,6406.625,15.333,,,,,3
15,False,6509.0,12.457,,,,,3
16,False,6676.833,11.208,,,,,3
17,False,6207.291,10.834,,,,,3
18,False,6299.792,14.458,,,,,3
19,False,6375.166,14.416,,,,,3
20,False,6183.667,11.501,,,,,3
21,False,6847.25,15.125,,,,,3
22,False,5844.292,12.708,,,,,3
23,False,6317.041,12.75,,,,,3
24,False,6405.333,14.334,,,,,3
25,False,7144.833,13.292000000000002,,,,,3
26,False,7042.75,12.916,,,,,3
27,False,6565.834000000001,11.373999999999999,,,,,3
28,False,5746.9169999999995,11.624,,,,,3
29,False,5890.666,11.167,,,,,3
30,False,5716.9580000000005,12.0,,,,,3
31,False,5937.5,10.75,,,,,3
32,False,6009.584,12.417,,,,,3
33,False,6308.209000000001,11.082,,,,,3
34,False,6148.459,11.417,,,,,3
35,False,6314.125,11.709,,,,,3
36,False,6227.25,11.167000000000002,,,,,3
37,False,6152.25,11.081999999999999,,,,,3
38,False,5898.833,11.583,,,,,3
39,False,6408.0,10.458,,,,,3
40,False,6439.875,11.793,,,,,3
41,False,6197.041,10.916,,,,,3
42,False,6100.708,11.709,,,,,3
43,False,6150.5,11.542000000000002,,,,,3
44,False,6158.0,10.708,,,,,3
45,False,6050.458,10.999,,,,,3
46,False,6046.125,12.751,,,,,3
47,False,6110.209,11.458,,,,,3
48,False,6158.583,11.291999999999998,,,,,3
49,False,5920.042,11.626000000000001,,,,,3
50,False,6011.665999999999,10.666999999999998,,,,,3
51,False,6184.25,13.543,,,,,3
52,False,6214.542,12.582,,,,,3
53,False,6127.25,10.748000000000001,,,,,3
54,False,6630.0,10.375,,,,,3
55,False,6560.084,9.708,,,,,3
56,False,6630.0,10.958,,,,,3
57,False,6419.416,11.0,,,,,3
58,False,6666.166,17.125,,,,,3
59,False,6097.125,15.792,,,,,3
60,False,6006.417,13.042,,,,,3
61,False,6213.084,12.624,,,,,3
62,False,5939.5,11.791,,,,,3
63,False,6130.9169999999995,10.958,,,,,3
64,False,6227.4169999999995,10.582,,,,,3
65,False,5958.75,9.749,,,,,3
66,False,6052.290999999999,9.125,,,,,3
67,False,6215.166,9.459,,,,,3
68,False,6193.041,11.625,,,,,3
69,False,6641.709,15.709,,,,,3
70,False,6876.292,13.917000000000002,,,,,3
71,False,7002.708,15.334,,,,,3
72,False,6348.334,17.041,,,,,3
73,False,5945.209,13.334,,,,,3
74,False,6155.75,13.834,,,,,3
75,False,6057.584000000001,11.666,,,,,3
76,False,6313.542,12.041,,,,,3
77,False,6378.209,11.417,,,,,3
78,False,6243.75,12.165,,,,,3
79,False,6241.25,10.501,,,,,3
80,False,6268.416,10.459,,,,,3
81,False,6688.584,14.874,,,,,3
82,False,6549.875,11.166,,,,,3
83,False,6584.708,12.043,,,,,3
84,False,6222.958,13.126000000000001,,,,,3
85,False,6211.417,11.124,,,,,3
86,False,6058.0419999999995,10.541,,,,,3
87,False,6103.084,10.043,,,,,3
88,False,6092.417,10.416,,,,,3
89,False,5892.583,10.667,,,,,3
90,False,6653.542,14.416,,,,,3
91,False,6120.666,12.5,,,,,3
92,False,6483.7080000000005,10.25,,,,,3
93,False,6671.291,10.5,,,,,3
94,False,6301.125,10.125,,,,,3
95,False,6035.25,9.168,,,,,3
96,False,5859.458,9.541,,,,,3
97,False,6153.4169999999995,9.041,,,,,3
98,False,6069.9580000000005,9.584,,,,,3
99,False,5956.917,11.25,,,,,3
100,False,6268.542,13.375,,,,,3
101,False,6372.2919999999995,12.0,,,,,3
102,False,6132.165999999999,10.583,,,,,3
103,False,6346.2919999999995,12.665999999999999,,,,,3
104,False,6111.875,11.416,,,,,3
105,False,6226.25,12.667000000000002,,,,,3
106,False,6040.459,10.917000000000002,,,,,3
107,False,5999.584,11.458,,,,,3
108,False,6133.625,9.958,,,,,3
109,False,6567.958,9.251,,,,,3
110,False,6709.458,11.708,,,,,3
111,False,6785.4580000000005,11.499,,,,,3
112,False,6238.709,14.000000000000002,,,,,3
113,False,6179.708,12.083,,,,,3
114,False,6613.125,9.916,,,,,3
115,False,6852.125,11.709,,,,,3
116,False,6702.5419999999995,10.208,,,,,3
117,False,6450.0,10.0,,,,,3
118,False,6384.125,9.499,,,,,3
119,False,6232.291,9.292,,,,,3
120,False,5883.75,9.791,,,,,3
121,False,5672.083,9.207999999999998,,,,,3
122,False,6267.041,13.125,,,,,3
123,False,6021.125,9.5,,,,,3
124,False,6133.2080000000005,8.873999999999999,,,,,3
125,False,6128.875,12.334,,,,,3
126,False,6335.959000000001,14.625,,,,,3
127,False,6159.25,11.917000000000002,,,,,3
128,False,5882.041,11.209,,,,,3
129,False,6133.2080000000005,12.043,,,,,3
